This is pdfTeX, Version 3.141592653-2.6-1.40.27 (MiKTeX 25.4) (preloaded format=pdflatex 2025.12.21)  9 MAY 2026 12:43
entering extended mode
 restricted \write18 enabled.
 file:line:error style messages enabled.
 %&-line parsing enabled.
**e:/Study/BTL/DATN/LATEX/main.tex
(e:/Study/BTL/DATN/LATEX/main.tex
LaTeX2e <2025-11-01>
L3 programming layer <2025-11-06>
(C:\Users\ACER\AppData\Local\Programs\MiKTeX\tex/latex/base\report.cls
Document Class: report 2025/01/22 v1.4n Standard LaTeX document class
(C:\Users\ACER\AppData\Local\Programs\MiKTeX\tex/latex/base\size12.clo
File: size12.clo 2025/01/22 v1.4n Standard LaTeX file (size option)
)
\c@part=\count275
\c@chapter=\count276
\c@section=\count277
\c@subsection=\count278
\c@subsubsection=\count279
\c@paragraph=\count280
\c@subparagraph=\count281
\c@figure=\count282
\c@table=\count283
\abovecaptionskip=\skip49
\belowcaptionskip=\skip50
\bibindent=\dimen148
) (preamble.tex (C:\Users\ACER\AppData\Local\Programs\MiKTeX\tex/latex/base\fontenc.sty
Package: fontenc 2025/07/18 v2.1d Standard LaTeX package
) (C:\Users\ACER\AppData\Local\Programs\MiKTeX\tex/latex/vntex\vietnam.sty
Package: vietnam 2009/07/12 v1.3 support for Vietnamese
 (C:\Users\ACER\AppData\Local\Programs\MiKTeX\tex/latex/base\ifthen.sty
Package: ifthen 2024/03/16 v1.1e Standard LaTeX ifthen package (DPC)
) (C:\Users\ACER\AppData\Local\Programs\MiKTeX\tex/latex/base\fontenc.sty
Package: fontenc 2025/07/18 v2.1d Standard LaTeX package
 (C:\Users\ACER\AppData\Local\Programs\MiKTeX\tex/latex/vntex\t5enc.def
File: t5enc.def 2006/11/21 v1.4 Vietnamese T5 encoding
Now handling font encoding T5 ...
... processing UTF-8 mapping file for font encoding T5
 (C:\Users\ACER\AppData\Local\Programs\MiKTeX\tex/latex/vntex\t5enc.dfu
File: t5enc.dfu 2006/08/19 v1.1 UTF8 support for Vietnamese
   defining Unicode char U+00AB (decimal 171)
   defining Unicode char U+00BB (decimal 187)
   defining Unicode char U+00C0 (decimal 192)
   defining Unicode char U+00C1 (decimal 193)
   defining Unicode char U+00C2 (decimal 194)
   defining Unicode char U+00C3 (decimal 195)
   defining Unicode char U+00C8 (decimal 200)
   defining Unicode char U+00C9 (decimal 201)
   defining Unicode char U+00CA (decimal 202)
   defining Unicode char U+00CC (decimal 204)
   defining Unicode char U+00CD (decimal 205)
   defining Unicode char U+00D2 (decimal 210)
   defining Unicode char U+00D3 (decimal 211)
   defining Unicode char U+00D4 (decimal 212)
   defining Unicode char U+00D5 (decimal 213)
   defining Unicode char U+00D9 (decimal 217)
   defining Unicode char U+00DA (decimal 218)
   defining Unicode char U+00DD (decimal 221)
   defining Unicode char U+00E0 (decimal 224)
   defining Unicode char U+00E1 (decimal 225)
   defining Unicode char U+00E2 (decimal 226)
   defining Unicode char U+00E3 (decimal 227)
   defining Unicode char U+00E8 (decimal 232)
   defining Unicode char U+00E9 (decimal 233)
   defining Unicode char U+00EA (decimal 234)
   defining Unicode char U+00EC (decimal 236)
   defining Unicode char U+00ED (decimal 237)
   defining Unicode char U+00F2 (decimal 242)
   defining Unicode char U+00F3 (decimal 243)
   defining Unicode char U+00F4 (decimal 244)
   defining Unicode char U+00F5 (decimal 245)
   defining Unicode char U+00F9 (decimal 249)
   defining Unicode char U+00FA (decimal 250)
   defining Unicode char U+00FD (decimal 253)
   defining Unicode char U+0102 (decimal 258)
   defining Unicode char U+0103 (decimal 259)
   defining Unicode char U+0110 (decimal 272)
   defining Unicode char U+0111 (decimal 273)
   defining Unicode char U+0128 (decimal 296)
   defining Unicode char U+0129 (decimal 297)
   defining Unicode char U+0131 (decimal 305)
   defining Unicode char U+0168 (decimal 360)
   defining Unicode char U+0169 (decimal 361)
   defining Unicode char U+01A0 (decimal 416)
   defining Unicode char U+01A1 (decimal 417)
   defining Unicode char U+01AF (decimal 431)
   defining Unicode char U+01B0 (decimal 432)
   defining Unicode char U+1EA0 (decimal 7840)
   defining Unicode char U+1EA1 (decimal 7841)
   defining Unicode char U+1EA2 (decimal 7842)
   defining Unicode char U+1EA3 (decimal 7843)
   defining Unicode char U+1EA4 (decimal 7844)
   defining Unicode char U+1EA5 (decimal 7845)
   defining Unicode char U+1EA6 (decimal 7846)
   defining Unicode char U+1EA7 (decimal 7847)
   defining Unicode char U+1EA8 (decimal 7848)
   defining Unicode char U+1EA9 (decimal 7849)
   defining Unicode char U+1EAA (decimal 7850)
   defining Unicode char U+1EAB (decimal 7851)
   defining Unicode char U+1EAC (decimal 7852)
   defining Unicode char U+1EAD (decimal 7853)
   defining Unicode char U+1EAE (decimal 7854)
   defining Unicode char U+1EAF (decimal 7855)
   defining Unicode char U+1EB0 (decimal 7856)
   defining Unicode char U+1EB1 (decimal 7857)
   defining Unicode char U+1EB2 (decimal 7858)
   defining Unicode char U+1EB3 (decimal 7859)
   defining Unicode char U+1EB4 (decimal 7860)
   defining Unicode char U+1EB5 (decimal 7861)
   defining Unicode char U+1EB6 (decimal 7862)
   defining Unicode char U+1EB7 (decimal 7863)
   defining Unicode char U+1EB8 (decimal 7864)
   defining Unicode char U+1EB9 (decimal 7865)
   defining Unicode char U+1EBA (decimal 7866)
   defining Unicode char U+1EBB (decimal 7867)
   defining Unicode char U+1EBC (decimal 7868)
   defining Unicode char U+1EBD (decimal 7869)
   defining Unicode char U+1EBE (decimal 7870)
   defining Unicode char U+1EBF (decimal 7871)
   defining Unicode char U+1EC0 (decimal 7872)
   defining Unicode char U+1EC1 (decimal 7873)
   defining Unicode char U+1EC2 (decimal 7874)
   defining Unicode char U+1EC3 (decimal 7875)
   defining Unicode char U+1EC4 (decimal 7876)
   defining Unicode char U+1EC5 (decimal 7877)
   defining Unicode char U+1EC6 (decimal 7878)
   defining Unicode char U+1EC7 (decimal 7879)
   defining Unicode char U+1EC8 (decimal 7880)
   defining Unicode char U+1EC9 (decimal 7881)
   defining Unicode char U+1ECA (decimal 7882)
   defining Unicode char U+1ECB (decimal 7883)
   defining Unicode char U+1ECC (decimal 7884)
   defining Unicode char U+1ECD (decimal 7885)
   defining Unicode char U+1ECE (decimal 7886)
   defining Unicode char U+1ECF (decimal 7887)
   defining Unicode char U+1ED0 (decimal 7888)
   defining Unicode char U+1ED1 (decimal 7889)
   defining Unicode char U+1ED2 (decimal 7890)
   defining Unicode char U+1ED3 (decimal 7891)
   defining Unicode char U+1ED4 (decimal 7892)
   defining Unicode char U+1ED5 (decimal 7893)
   defining Unicode char U+1ED6 (decimal 7894)
   defining Unicode char U+1ED7 (decimal 7895)
   defining Unicode char U+1ED8 (decimal 7896)
   defining Unicode char U+1ED9 (decimal 7897)
   defining Unicode char U+1EDA (decimal 7898)
   defining Unicode char U+1EDB (decimal 7899)
   defining Unicode char U+1EDC (decimal 7900)
   defining Unicode char U+1EDD (decimal 7901)
   defining Unicode char U+1EDE (decimal 7902)
   defining Unicode char U+1EDF (decimal 7903)
   defining Unicode char U+1EE0 (decimal 7904)
   defining Unicode char U+1EE1 (decimal 7905)
   defining Unicode char U+1EE2 (decimal 7906)
   defining Unicode char U+1EE3 (decimal 7907)
   defining Unicode char U+1EE4 (decimal 7908)
   defining Unicode char U+1EE5 (decimal 7909)
   defining Unicode char U+1EE6 (decimal 7910)
   defining Unicode char U+1EE7 (decimal 7911)
   defining Unicode char U+1EE8 (decimal 7912)
   defining Unicode char U+1EE9 (decimal 7913)
   defining Unicode char U+1EEA (decimal 7914)
   defining Unicode char U+1EEB (decimal 7915)
   defining Unicode char U+1EEC (decimal 7916)
   defining Unicode char U+1EED (decimal 7917)
   defining Unicode char U+1EEE (decimal 7918)
   defining Unicode char U+1EEF (decimal 7919)
   defining Unicode char U+1EF0 (decimal 7920)
   defining Unicode char U+1EF1 (decimal 7921)
   defining Unicode char U+1EF2 (decimal 7922)
   defining Unicode char U+1EF3 (decimal 7923)
   defining Unicode char U+1EF4 (decimal 7924)
   defining Unicode char U+1EF5 (decimal 7925)
   defining Unicode char U+1EF6 (decimal 7926)
   defining Unicode char U+1EF7 (decimal 7927)
   defining Unicode char U+1EF8 (decimal 7928)
   defining Unicode char U+1EF9 (decimal 7929)
   defining Unicode char U+200C (decimal 8204)
   defining Unicode char U+2013 (decimal 8211)
   defining Unicode char U+2014 (decimal 8212)
   defining Unicode char U+2018 (decimal 8216)
   defining Unicode char U+2019 (decimal 8217)
   defining Unicode char U+201A (decimal 8218)
   defining Unicode char U+201C (decimal 8220)
   defining Unicode char U+201D (decimal 8221)
   defining Unicode char U+201E (decimal 8222)
   defining Unicode char U+2030 (decimal 8240)
   defining Unicode char U+2031 (decimal 8241)
   defining Unicode char U+2039 (decimal 8249)
   defining Unicode char U+203A (decimal 8250)
   defining Unicode char U+2423 (decimal 9251)
))
LaTeX Font Info:    Trying to load font information for T5+cmr on input line 116.
 (C:\Users\ACER\AppData\Local\Programs\MiKTeX\tex/latex/vntex\t5cmr.fd
File: t5cmr.fd 1999/05/25 v2.5h Standard LaTeX font definitions
)) (C:\Users\ACER\AppData\Local\Programs\MiKTeX\tex/latex/base\inputenc.sty
Package: inputenc 2024/02/08 v1.3d Input encoding file
\inpenc@prehook=\toks17
\inpenc@posthook=\toks18
) (C:\Users\ACER\AppData\Local\Programs\MiKTeX\tex/latex/vntex\vncaps.tex
File: vncaps.tex 2006/06/07 v1.1 Captions in Vietnamese
)) (C:\Users\ACER\AppData\Local\Programs\MiKTeX\tex/generic/babel\babel.sty
Package: babel 2025/11/09 v25.15 The multilingual framework for LuaLaTeX, pdfLaTeX and XeLaTeX
\babel@savecnt=\count284
LaTeX Encoding Info:    Redeclaring text command \ij (encoding OT1) on input line 2050.
LaTeX Encoding Info:    Redeclaring text command \IJ (encoding OT1) on input line 2052.
LaTeX Encoding Info:    Redeclaring text command \ij (encoding T1) on input line 2054.
LaTeX Encoding Info:    Redeclaring text command \IJ (encoding T1) on input line 2055.
LaTeX Encoding Info:    Ignoring declaration for text command \ij (encoding ?) on input line 2056.
LaTeX Encoding Info:    Ignoring declaration for text command \IJ (encoding ?) on input line 2058.
LaTeX Encoding Info:    Ignoring declaration for text command \SS (encoding ?) on input line 2083.
\U@D=\dimen149
\l@unhyphenated=\language79
 (C:\Users\ACER\AppData\Local\Programs\MiKTeX\tex/generic/babel\txtbabel.def)
\bbl@readstream=\read2
\bbl@dirlevel=\count285
Package babel Info: Configuration files are deprecated, as
(babel)             they can break document portability.
(babel)             Reported on input line 4175.

*************************************
* Local config file bblopts.cfg used
*
(C:\Users\ACER\AppData\Local\Programs\MiKTeX\tex/latex/arabi\bblopts.cfg
File: bblopts.cfg 2005/09/08 v0.1 add Arabic and Farsi to "declared" options of babel
) (C:\Users\ACER\AppData\Local\Programs\MiKTeX\tex/generic/babel/locale/vi\babel-vietnamese.tex)
Package babel Info: Importing font and identification data for vietnamese
(babel)             from babel-vi.ini. Reported on input line 4298.
 (C:\Users\ACER\AppData\Local\Programs\MiKTeX\tex/latex/babel-vietnamese\vietnamese.ldf
Language: vietnamese 


Package babel Warning: No hyphenation patterns were preloaded for
(babel)                the language 'Vietnamese' into the format.
(babel)                Please, configure your TeX system to add them and
(babel)                rebuild the format. Now I will use the patterns
(babel)                preloaded for \language=0 instead on input line 36.

Package babel Info: Hyphen rules for 'vietnamese' set to \l@english
(babel)             (\language0). Reported on input line 37.
Package babel Info: Hyphen rules for 'vietnam' set to \l@english
(babel)             (\language0). Reported on input line 38.
Loading definitions for the Vietnamese font encoding (C:\Users\ACER\AppData\Local\Programs\MiKTeX\tex/latex/vntex\t5enc.def
File: t5enc.def 2006/11/21 v1.4 Vietnamese T5 encoding
LaTeX Font Info:    Redeclaring font encoding T5 on input line 75.
LaTeX Encoding Info:    Redeclaring text command \` (encoding T5) on input line 79.
LaTeX Encoding Info:    Redeclaring text command \' (encoding T5) on input line 80.
LaTeX Encoding Info:    Redeclaring text command \^ (encoding T5) on input line 81.
LaTeX Encoding Info:    Redeclaring text command \~ (encoding T5) on input line 82.
LaTeX Encoding Info:    Redeclaring text command \" (encoding T5) on input line 83.
LaTeX Encoding Info:    Redeclaring text command \r (encoding T5) on input line 84.
LaTeX Encoding Info:    Redeclaring text command \v (encoding T5) on input line 85.
LaTeX Encoding Info:    Redeclaring text command \u (encoding T5) on input line 86.
LaTeX Encoding Info:    Redeclaring text command \= (encoding T5) on input line 87.
LaTeX Encoding Info:    Redeclaring text command \. (encoding T5) on input line 88.
LaTeX Encoding Info:    Redeclaring text command \b (encoding T5) on input line 90.
LaTeX Encoding Info:    Redeclaring text command \c (encoding T5) on input line 94.
LaTeX Encoding Info:    Redeclaring text command \d (encoding T5) on input line 98.
LaTeX Encoding Info:    Redeclaring text command \h (encoding T5) on input line 103.
LaTeX Encoding Info:    Redeclaring text symbol \quotesinglbase (encoding T5) on input line 105.
LaTeX Encoding Info:    Redeclaring text symbol \guilsinglleft (encoding T5) on input line 106.
LaTeX Encoding Info:    Redeclaring text symbol \guilsinglright (encoding T5) on input line 107.
LaTeX Encoding Info:    Redeclaring text symbol \textquotedblleft (encoding T5) on input line 108.
LaTeX Encoding Info:    Redeclaring text symbol \textquotedblright (encoding T5) on input line 109.
LaTeX Encoding Info:    Redeclaring text symbol \quotedblbase (encoding T5) on input line 110.
LaTeX Encoding Info:    Redeclaring text symbol \guillemotleft (encoding T5) on input line 111.
LaTeX Encoding Info:    Redeclaring text symbol \guillemotright (encoding T5) on input line 112.
LaTeX Encoding Info:    Redeclaring text symbol \textendash (encoding T5) on input line 113.
LaTeX Encoding Info:    Redeclaring text symbol \textemdash (encoding T5) on input line 114.
LaTeX Encoding Info:    Redeclaring text symbol \textcompwordmark (encoding T5) on input line 115.
LaTeX Encoding Info:    Redeclaring text command \textperthousand (encoding T5) on input line 117.
LaTeX Encoding Info:    Redeclaring text command \textpertenthousand (encoding T5) on input line 118.
LaTeX Encoding Info:    Redeclaring text symbol \i (encoding T5) on input line 119.
LaTeX Encoding Info:    Redeclaring text symbol \textvisiblespace (encoding T5) on input line 121.
LaTeX Encoding Info:    Redeclaring text symbol \textquotedbl (encoding T5) on input line 122.
LaTeX Encoding Info:    Redeclaring text symbol \textdollar (encoding T5) on input line 123.
LaTeX Encoding Info:    Redeclaring text symbol \textquoteright (encoding T5) on input line 124.
LaTeX Encoding Info:    Redeclaring text symbol \textless (encoding T5) on input line 125.
LaTeX Encoding Info:    Redeclaring text symbol \textgreater (encoding T5) on input line 126.
LaTeX Encoding Info:    Redeclaring text symbol \textbackslash (encoding T5) on input line 127.
LaTeX Encoding Info:    Redeclaring text symbol \textasciicircum (encoding T5) on input line 128.
LaTeX Encoding Info:    Redeclaring text symbol \textunderscore (encoding T5) on input line 129.
LaTeX Encoding Info:    Redeclaring text symbol \textquoteleft (encoding T5) on input line 130.
LaTeX Encoding Info:    Redeclaring text symbol \textbraceleft (encoding T5) on input line 131.
LaTeX Encoding Info:    Redeclaring text symbol \textbar (encoding T5) on input line 132.
LaTeX Encoding Info:    Redeclaring text symbol \textbraceright (encoding T5) on input line 133.
LaTeX Encoding Info:    Redeclaring text symbol \textasciitilde (encoding T5) on input line 134.
LaTeX Encoding Info:    Redeclaring text command \horn (encoding T5) on input line 137.
LaTeX Encoding Info:    Redeclaring text symbol \DJ (encoding T5) on input line 306.
LaTeX Encoding Info:    Redeclaring text symbol \dj (encoding T5) on input line 307.
LaTeX Encoding Info:    Redeclaring text symbol \Acircumflex (encoding T5) on input line 312.
LaTeX Encoding Info:    Redeclaring text symbol \Abreve (encoding T5) on input line 319.
LaTeX Encoding Info:    Redeclaring text symbol \Ecircumflex (encoding T5) on input line 326.
LaTeX Encoding Info:    Redeclaring text symbol \Ocircumflex (encoding T5) on input line 333.
LaTeX Encoding Info:    Redeclaring text symbol \Ohorn (encoding T5) on input line 340.
LaTeX Encoding Info:    Redeclaring text symbol \Uhorn (encoding T5) on input line 347.
LaTeX Encoding Info:    Redeclaring text symbol \acircumflex (encoding T5) on input line 354.
LaTeX Encoding Info:    Redeclaring text symbol \abreve (encoding T5) on input line 361.
LaTeX Encoding Info:    Redeclaring text symbol \ecircumflex (encoding T5) on input line 368.
LaTeX Encoding Info:    Redeclaring text symbol \ocircumflex (encoding T5) on input line 375.
LaTeX Encoding Info:    Redeclaring text symbol \ohorn (encoding T5) on input line 382.
LaTeX Encoding Info:    Redeclaring text symbol \uhorn (encoding T5) on input line 389.
LaTeX Encoding Info:    Redeclaring text symbol \ACIRCUMFLEX (encoding T5) on input line 397.
LaTeX Encoding Info:    Redeclaring text symbol \ABREVE (encoding T5) on input line 404.
LaTeX Encoding Info:    Redeclaring text symbol \ECIRCUMFLEX (encoding T5) on input line 411.
LaTeX Encoding Info:    Redeclaring text symbol \OCIRCUMFLEX (encoding T5) on input line 418.
LaTeX Encoding Info:    Redeclaring text symbol \OHORN (encoding T5) on input line 425.
LaTeX Encoding Info:    Redeclaring text symbol \UHORN (encoding T5) on input line 432.
)
Package babel Info: Making " an active character on input line 147.
)) (C:\Users\ACER\AppData\Local\Programs\MiKTeX\tex/latex/tex-gyre\tgtermes.sty
Package: tgtermes 2009/09/27 v1.2 TeX Gyre Termes as default roman family
 (C:\Users\ACER\AppData\Local\Programs\MiKTeX\tex/latex/kvoptions\kvoptions.sty
Package: kvoptions 2022-06-15 v3.15 Key value format for package options (HO)
 (C:\Users\ACER\AppData\Local\Programs\MiKTeX\tex/latex/graphics\keyval.sty
Package: keyval 2022/05/29 v1.15 key=value parser (DPC)
\KV@toks@=\toks19
) (C:\Users\ACER\AppData\Local\Programs\MiKTeX\tex/generic/ltxcmds\ltxcmds.sty
Package: ltxcmds 2023-12-04 v1.26 LaTeX kernel commands for general use (HO)
) (C:\Users\ACER\AppData\Local\Programs\MiKTeX\tex/latex/kvsetkeys\kvsetkeys.sty
Package: kvsetkeys 2022-10-05 v1.19 Key value parser (HO)
))) (C:\Users\ACER\AppData\Local\Programs\MiKTeX\tex/latex/newtx\newtxmath.sty
Package: newtxmath 2024/09/22 v1.754
 `newtxmath' v1.754, 2024/09/22 Math macros based originally on txfonts (msharpe) (C:\Users\ACER\AppData\Local\Programs\MiKTeX\tex/latex/amsmath\amsmath.sty
Package: amsmath 2025/07/09 v2.17z AMS math features
\@mathmargin=\skip51

For additional information on amsmath, use the `?' option.
(C:\Users\ACER\AppData\Local\Programs\MiKTeX\tex/latex/amsmath\amstext.sty
Package: amstext 2024/11/17 v2.01 AMS text
 (C:\Users\ACER\AppData\Local\Programs\MiKTeX\tex/latex/amsmath\amsgen.sty
File: amsgen.sty 1999/11/30 v2.0 generic functions
\@emptytoks=\toks20
\ex@=\dimen150
)) (C:\Users\ACER\AppData\Local\Programs\MiKTeX\tex/latex/amsmath\amsbsy.sty
Package: amsbsy 1999/11/29 v1.2d Bold Symbols
\pmbraise@=\dimen151
) (C:\Users\ACER\AppData\Local\Programs\MiKTeX\tex/latex/amsmath\amsopn.sty
Package: amsopn 2022/04/08 v2.04 operator names
)
\inf@bad=\count286
LaTeX Info: Redefining \frac on input line 233.
\uproot@=\count287
\leftroot@=\count288
LaTeX Info: Redefining \overline on input line 398.
LaTeX Info: Redefining \colon on input line 409.
\classnum@=\count289
\DOTSCASE@=\count290
LaTeX Info: Redefining \ldots on input line 495.
LaTeX Info: Redefining \dots on input line 498.
LaTeX Info: Redefining \cdots on input line 619.
\Mathstrutbox@=\box53
\strutbox@=\box54
LaTeX Info: Redefining \big on input line 721.
LaTeX Info: Redefining \Big on input line 722.
LaTeX Info: Redefining \bigg on input line 723.
LaTeX Info: Redefining \Bigg on input line 724.
\big@size=\dimen152
LaTeX Font Info:    Redeclaring font encoding OML on input line 742.
LaTeX Font Info:    Redeclaring font encoding OMS on input line 743.
\macc@depth=\count291
LaTeX Info: Redefining \bmod on input line 904.
LaTeX Info: Redefining \pmod on input line 909.
LaTeX Info: Redefining \smash on input line 939.
LaTeX Info: Redefining \relbar on input line 969.
LaTeX Info: Redefining \Relbar on input line 970.
\c@MaxMatrixCols=\count292
\dotsspace@=\muskip17
\c@parentequation=\count293
\dspbrk@lvl=\count294
\tag@help=\toks21
\row@=\count295
\column@=\count296
\maxfields@=\count297
\andhelp@=\toks22
\eqnshift@=\dimen153
\alignsep@=\dimen154
\tagshift@=\dimen155
\tagwidth@=\dimen156
\totwidth@=\dimen157
\lineht@=\dimen158
\@envbody=\toks23
\multlinegap=\skip52
\multlinetaggap=\skip53
\mathdisplay@stack=\toks24
LaTeX Info: Redefining \[ on input line 2950.
LaTeX Info: Redefining \] on input line 2951.
) (C:\Users\ACER\AppData\Local\Programs\MiKTeX\tex/latex/etoolbox\etoolbox.sty
Package: etoolbox 2025/10/02 v2.5m e-TeX tools for LaTeX (JAW)
\etb@tempcnta=\count298
) (C:\Users\ACER\AppData\Local\Programs\MiKTeX\tex/generic/iftex\iftex.sty
Package: iftex 2024/12/12 v1.0g TeX engine tests
) (C:\Users\ACER\AppData\Local\Programs\MiKTeX\tex/latex/xkeyval\xkeyval.sty
Package: xkeyval 2022/06/16 v2.9 package option processing (HA)
 (C:\Users\ACER\AppData\Local\Programs\MiKTeX\tex/generic/xkeyval\xkeyval.tex (C:\Users\ACER\AppData\Local\Programs\MiKTeX\tex/generic/xkeyval\xkvutils.tex
\XKV@toks=\toks25
\XKV@tempa@toks=\toks26
)
\XKV@depth=\count299
File: xkeyval.tex 2014/12/03 v2.7a key=value parser (HA)
)) (C:\Users\ACER\AppData\Local\Programs\MiKTeX\tex/latex/oberdiek\centernot.sty
Package: centernot 2016/05/16 v1.4 Centers the not symbol horizontally (HO)
)
\tx@cntz=\count300
 (C:\Users\ACER\AppData\Local\Programs\MiKTeX\tex/generic/binhex\binhex.tex)
\tx@Isdigit=\count301
\tx@IsAlNum=\count302
\tx@tA=\toks27
\tx@tB=\toks28
\tx@su=\read3

amsthm NOT loaded
LaTeX Font Info:    Redeclaring symbol font `operators' on input line 402.
LaTeX Font Info:    Overwriting symbol font `operators' in version `normal'
(Font)                  OT1/cmr/m/n --> OT1/minntx/m/n on input line 402.
LaTeX Font Info:    Overwriting symbol font `operators' in version `bold'
(Font)                  OT1/cmr/bx/n --> OT1/minntx/m/n on input line 402.
LaTeX Font Info:    Overwriting symbol font `operators' in version `bold'
(Font)                  OT1/minntx/m/n --> OT1/minntx/b/n on input line 403.
LaTeX Font Info:    Redeclaring math alphabet \mathsf on input line 410.
LaTeX Font Info:    Overwriting math alphabet `\mathsf' in version `normal'
(Font)                  OT1/cmss/m/n --> OT1/cmss/m/n on input line 410.
LaTeX Font Info:    Overwriting math alphabet `\mathsf' in version `bold'
(Font)                  OT1/cmss/bx/n --> OT1/cmss/m/n on input line 410.
LaTeX Font Info:    Overwriting math alphabet `\mathsf' in version `bold'
(Font)                  OT1/cmss/m/n --> OT1/cmss/b/n on input line 412.
LaTeX Font Info:    Redeclaring math alphabet \mathit on input line 419.
LaTeX Font Info:    Overwriting math alphabet `\mathit' in version `normal'
(Font)                  OT1/cmr/m/it --> OT1/minntx/m/it on input line 419.
LaTeX Font Info:    Overwriting math alphabet `\mathit' in version `bold'
(Font)                  OT1/cmr/bx/it --> OT1/minntx/m/it on input line 419.
LaTeX Font Info:    Redeclaring math alphabet \mathtt on input line 420.
LaTeX Font Info:    Overwriting math alphabet `\mathtt' in version `normal'
(Font)                  OT1/cmtt/m/n --> T5/cmtt/m/n on input line 420.
LaTeX Font Info:    Overwriting math alphabet `\mathtt' in version `bold'
(Font)                  OT1/cmtt/m/n --> T5/cmtt/m/n on input line 420.
LaTeX Font Info:    Redeclaring math alphabet \mathbf on input line 422.
LaTeX Font Info:    Overwriting math alphabet `\mathbf' in version `normal'
(Font)                  OT1/cmr/bx/n --> OT1/minntx/b/n on input line 422.
LaTeX Font Info:    Overwriting math alphabet `\mathbf' in version `bold'
(Font)                  OT1/cmr/bx/n --> OT1/minntx/b/n on input line 422.
LaTeX Font Info:    Overwriting math alphabet `\mathit' in version `bold'
(Font)                  OT1/minntx/m/it --> OT1/minntx/b/it on input line 423.
LaTeX Font Info:    Overwriting math alphabet `\mathtt' in version `bold'
(Font)                  T5/cmtt/m/n --> T5/cmtt/b/n on input line 426.
LaTeX Font Info:    Redeclaring symbol font `letters' on input line 534.
LaTeX Font Info:    Overwriting symbol font `letters' in version `normal'
(Font)                  OML/cmm/m/it --> OML/ntxmi/m/it on input line 534.
LaTeX Font Info:    Overwriting symbol font `letters' in version `bold'
(Font)                  OML/cmm/b/it --> OML/ntxmi/m/it on input line 534.
LaTeX Font Info:    Overwriting symbol font `letters' in version `bold'
(Font)                  OML/ntxmi/m/it --> OML/ntxmi/b/it on input line 535.
\symlettersA=\mathgroup4
LaTeX Font Info:    Overwriting symbol font `lettersA' in version `bold'
(Font)                  U/ntxmia/m/it --> U/ntxmia/b/it on input line 582.
Now handling font encoding LMS ...
... no UTF-8 mapping file for font encoding LMS
LaTeX Font Info:    Redeclaring symbol font `symbols' on input line 604.
LaTeX Font Info:    Encoding `OMS' has changed to `LMS' for symbol font
(Font)              `symbols' in the math version `normal' on input line 604.
LaTeX Font Info:    Overwriting symbol font `symbols' in version `normal'
(Font)                  OMS/cmsy/m/n --> LMS/ntxsy/m/n on input line 604.
LaTeX Font Info:    Encoding `OMS' has changed to `LMS' for symbol font
(Font)              `symbols' in the math version `bold' on input line 604.
LaTeX Font Info:    Overwriting symbol font `symbols' in version `bold'
(Font)                  OMS/cmsy/b/n --> LMS/ntxsy/m/n on input line 604.
LaTeX Font Info:    Overwriting symbol font `symbols' in version `bold'
(Font)                  LMS/ntxsy/m/n --> LMS/ntxsy/b/n on input line 605.
\symAMSm=\mathgroup5
LaTeX Font Info:    Overwriting symbol font `AMSm' in version `bold'
(Font)                  U/ntxsym/m/n --> U/ntxsym/b/n on input line 630.
\symsymbolsC=\mathgroup6
LaTeX Font Info:    Overwriting symbol font `symbolsC' in version `bold'
(Font)                  U/ntxsyc/m/n --> U/ntxsyc/b/n on input line 651.
Now handling font encoding LMX ...
... no UTF-8 mapping file for font encoding LMX
LaTeX Font Info:    Redeclaring symbol font `largesymbols' on input line 664.
LaTeX Font Info:    Encoding `OMX' has changed to `LMX' for symbol font
(Font)              `largesymbols' in the math version `normal' on input line 664.
LaTeX Font Info:    Overwriting symbol font `largesymbols' in version `normal'
(Font)                  OMX/cmex/m/n --> LMX/ntxexx/m/n on input line 664.
LaTeX Font Info:    Encoding `OMX' has changed to `LMX' for symbol font
(Font)              `largesymbols' in the math version `bold' on input line 664.
LaTeX Font Info:    Overwriting symbol font `largesymbols' in version `bold'
(Font)                  OMX/cmex/m/n --> LMX/ntxexx/m/n on input line 664.
LaTeX Font Info:    Overwriting symbol font `largesymbols' in version `bold'
(Font)                  LMX/ntxexx/m/n --> LMX/ntxexx/b/n on input line 665.
\symlargesymbolsTXA=\mathgroup7
LaTeX Font Info:    Overwriting symbol font `largesymbolsTXA' in version `bold'
(Font)                  U/ntxexa/m/n --> U/ntxexa/b/n on input line 679.
\tx@sbptoks=\toks29
LaTeX Font Info:    Redeclaring math delimiter \lfloor on input line 902.
LaTeX Font Info:    Redeclaring math delimiter \rfloor on input line 903.
LaTeX Font Info:    Redeclaring math delimiter \lceil on input line 904.
LaTeX Font Info:    Redeclaring math delimiter \rceil on input line 905.
LaTeX Font Info:    Redeclaring math delimiter \lbrace on input line 910.
LaTeX Font Info:    Redeclaring math delimiter \rbrace on input line 911.
LaTeX Font Info:    Redeclaring math delimiter \langle on input line 913.
LaTeX Font Info:    Redeclaring math delimiter \rangle on input line 915.
LaTeX Font Info:    Redeclaring math delimiter \arrowvert on input line 919.
LaTeX Font Info:    Redeclaring math delimiter \vert on input line 920.
LaTeX Font Info:    Redeclaring math symbol \hbar on input line 966.
LaTeX Font Info:    Redeclaring math accent \dot on input line 991.
LaTeX Font Info:    Redeclaring math accent \ddot on input line 992.
LaTeX Font Info:    Redeclaring math accent \vec on input line 2057.
LaTeX Info: Redefining \Bbbk on input line 2847.
LaTeX Info: Redefining \not on input line 2995.
) (C:\Users\ACER\AppData\Local\Programs\MiKTeX\tex/latex/amsfonts\amssymb.sty
Package: amssymb 2013/01/14 v3.01 AMS font symbols
 (C:\Users\ACER\AppData\Local\Programs\MiKTeX\tex/latex/amsfonts\amsfonts.sty
Package: amsfonts 2013/01/14 v3.01 Basic AMSFonts support
\symAMSa=\mathgroup8
\symAMSb=\mathgroup9
LaTeX Font Info:    Redeclaring math delimiter \ulcorner on input line 74.
LaTeX Font Info:    Redeclaring math delimiter \urcorner on input line 75.
LaTeX Font Info:    Redeclaring math delimiter \llcorner on input line 76.
LaTeX Font Info:    Redeclaring math delimiter \lrcorner on input line 77.
LaTeX Font Info:    Redeclaring math symbol \square on input line 141.
LaTeX Font Info:    Redeclaring math symbol \lozenge on input line 142.
)
LaTeX Font Info:    Redeclaring math symbol \boxdot on input line 44.
LaTeX Font Info:    Redeclaring math symbol \boxplus on input line 45.
LaTeX Font Info:    Redeclaring math symbol \boxtimes on input line 46.
LaTeX Font Info:    Redeclaring math symbol \blacksquare on input line 48.
LaTeX Font Info:    Redeclaring math symbol \centerdot on input line 49.
LaTeX Font Info:    Redeclaring math symbol \blacklozenge on input line 51.
LaTeX Font Info:    Redeclaring math symbol \circlearrowright on input line 52.
LaTeX Font Info:    Redeclaring math symbol \circlearrowleft on input line 53.
LaTeX Font Info:    Redeclaring math symbol \leftrightharpoons on input line 56.
LaTeX Font Info:    Redeclaring math symbol \boxminus on input line 57.
LaTeX Font Info:    Redeclaring math symbol \Vdash on input line 58.
LaTeX Font Info:    Redeclaring math symbol \Vvdash on input line 59.
LaTeX Font Info:    Redeclaring math symbol \vDash on input line 60.
LaTeX Font Info:    Redeclaring math symbol \twoheadrightarrow on input line 61.
LaTeX Font Info:    Redeclaring math symbol \twoheadleftarrow on input line 62.
LaTeX Font Info:    Redeclaring math symbol \leftleftarrows on input line 63.
LaTeX Font Info:    Redeclaring math symbol \rightrightarrows on input line 64.
LaTeX Font Info:    Redeclaring math symbol \upuparrows on input line 65.
LaTeX Font Info:    Redeclaring math symbol \downdownarrows on input line 66.
LaTeX Font Info:    Redeclaring math symbol \upharpoonright on input line 67.
LaTeX Font Info:    Redeclaring math symbol \downharpoonright on input line 69.
LaTeX Font Info:    Redeclaring math symbol \upharpoonleft on input line 70.
LaTeX Font Info:    Redeclaring math symbol \downharpoonleft on input line 71.
LaTeX Font Info:    Redeclaring math symbol \rightarrowtail on input line 72.
LaTeX Font Info:    Redeclaring math symbol \leftarrowtail on input line 73.
LaTeX Font Info:    Redeclaring math symbol \leftrightarrows on input line 74.
LaTeX Font Info:    Redeclaring math symbol \rightleftarrows on input line 75.
LaTeX Font Info:    Redeclaring math symbol \Lsh on input line 76.
LaTeX Font Info:    Redeclaring math symbol \Rsh on input line 77.
LaTeX Font Info:    Redeclaring math symbol \leftrightsquigarrow on input line 79.
LaTeX Font Info:    Redeclaring math symbol \looparrowleft on input line 80.
LaTeX Font Info:    Redeclaring math symbol \looparrowright on input line 81.
LaTeX Font Info:    Redeclaring math symbol \circeq on input line 82.
LaTeX Font Info:    Redeclaring math symbol \succsim on input line 83.
LaTeX Font Info:    Redeclaring math symbol \gtrsim on input line 84.
LaTeX Font Info:    Redeclaring math symbol \gtrapprox on input line 85.
LaTeX Font Info:    Redeclaring math symbol \multimap on input line 86.
LaTeX Font Info:    Redeclaring math symbol \therefore on input line 87.
LaTeX Font Info:    Redeclaring math symbol \because on input line 88.
LaTeX Font Info:    Redeclaring math symbol \doteqdot on input line 89.
LaTeX Font Info:    Redeclaring math symbol \triangleq on input line 91.
LaTeX Font Info:    Redeclaring math symbol \precsim on input line 92.
LaTeX Font Info:    Redeclaring math symbol \lesssim on input line 93.
LaTeX Font Info:    Redeclaring math symbol \lessapprox on input line 94.
LaTeX Font Info:    Redeclaring math symbol \eqslantless on input line 95.
LaTeX Font Info:    Redeclaring math symbol \eqslantgtr on input line 96.
LaTeX Font Info:    Redeclaring math symbol \curlyeqprec on input line 97.
LaTeX Font Info:    Redeclaring math symbol \curlyeqsucc on input line 98.
LaTeX Font Info:    Redeclaring math symbol \preccurlyeq on input line 99.
LaTeX Font Info:    Redeclaring math symbol \leqq on input line 100.
LaTeX Font Info:    Redeclaring math symbol \leqslant on input line 101.
LaTeX Font Info:    Redeclaring math symbol \lessgtr on input line 102.
LaTeX Font Info:    Redeclaring math symbol \backprime on input line 103.
LaTeX Font Info:    Redeclaring math symbol \risingdotseq on input line 104.
LaTeX Font Info:    Redeclaring math symbol \fallingdotseq on input line 105.
LaTeX Font Info:    Redeclaring math symbol \succcurlyeq on input line 106.
LaTeX Font Info:    Redeclaring math symbol \geqq on input line 107.
LaTeX Font Info:    Redeclaring math symbol \geqslant on input line 108.
LaTeX Font Info:    Redeclaring math symbol \gtrless on input line 109.
LaTeX Font Info:    Redeclaring math symbol \bigstar on input line 117.
LaTeX Font Info:    Redeclaring math symbol \between on input line 118.
LaTeX Font Info:    Redeclaring math symbol \blacktriangledown on input line 119.
LaTeX Font Info:    Redeclaring math symbol \blacktriangleright on input line 120.
LaTeX Font Info:    Redeclaring math symbol \blacktriangleleft on input line 121.
LaTeX Font Info:    Redeclaring math symbol \vartriangle on input line 122.
LaTeX Font Info:    Redeclaring math symbol \blacktriangle on input line 123.
LaTeX Font Info:    Redeclaring math symbol \triangledown on input line 124.
LaTeX Font Info:    Redeclaring math symbol \eqcirc on input line 125.
LaTeX Font Info:    Redeclaring math symbol \lesseqgtr on input line 126.
LaTeX Font Info:    Redeclaring math symbol \gtreqless on input line 127.
LaTeX Font Info:    Redeclaring math symbol \lesseqqgtr on input line 128.
LaTeX Font Info:    Redeclaring math symbol \gtreqqless on input line 129.
LaTeX Font Info:    Redeclaring math symbol \Rrightarrow on input line 130.
LaTeX Font Info:    Redeclaring math symbol \Lleftarrow on input line 131.
LaTeX Font Info:    Redeclaring math symbol \veebar on input line 132.
LaTeX Font Info:    Redeclaring math symbol \barwedge on input line 133.
LaTeX Font Info:    Redeclaring math symbol \doublebarwedge on input line 134.
LaTeX Font Info:    Redeclaring math symbol \measuredangle on input line 137.
LaTeX Font Info:    Redeclaring math symbol \sphericalangle on input line 138.
LaTeX Font Info:    Redeclaring math symbol \varpropto on input line 139.
LaTeX Font Info:    Redeclaring math symbol \smallsmile on input line 140.
LaTeX Font Info:    Redeclaring math symbol \smallfrown on input line 141.
LaTeX Font Info:    Redeclaring math symbol \Subset on input line 142.
LaTeX Font Info:    Redeclaring math symbol \Supset on input line 143.
LaTeX Font Info:    Redeclaring math symbol \Cup on input line 144.
LaTeX Font Info:    Redeclaring math symbol \Cap on input line 146.
LaTeX Font Info:    Redeclaring math symbol \curlywedge on input line 148.
LaTeX Font Info:    Redeclaring math symbol \curlyvee on input line 149.
LaTeX Font Info:    Redeclaring math symbol \leftthreetimes on input line 150.
LaTeX Font Info:    Redeclaring math symbol \rightthreetimes on input line 151.
LaTeX Font Info:    Redeclaring math symbol \subseteqq on input line 152.
LaTeX Font Info:    Redeclaring math symbol \supseteqq on input line 153.
LaTeX Font Info:    Redeclaring math symbol \bumpeq on input line 154.
LaTeX Font Info:    Redeclaring math symbol \Bumpeq on input line 155.
LaTeX Font Info:    Redeclaring math symbol \lll on input line 156.
LaTeX Font Info:    Redeclaring math symbol \ggg on input line 158.
LaTeX Font Info:    Redeclaring math symbol \circledS on input line 160.
LaTeX Font Info:    Redeclaring math symbol \pitchfork on input line 161.
LaTeX Font Info:    Redeclaring math symbol \dotplus on input line 162.
LaTeX Font Info:    Redeclaring math symbol \backsim on input line 163.
LaTeX Font Info:    Redeclaring math symbol \backsimeq on input line 164.
LaTeX Font Info:    Redeclaring math symbol \complement on input line 165.
LaTeX Font Info:    Redeclaring math symbol \intercal on input line 166.
LaTeX Font Info:    Redeclaring math symbol \circledcirc on input line 167.
LaTeX Font Info:    Redeclaring math symbol \circledast on input line 168.
LaTeX Font Info:    Redeclaring math symbol \circleddash on input line 169.
LaTeX Font Info:    Redeclaring math symbol \lvertneqq on input line 171.
LaTeX Font Info:    Redeclaring math symbol \gvertneqq on input line 172.
LaTeX Font Info:    Redeclaring math symbol \nleq on input line 173.
LaTeX Font Info:    Redeclaring math symbol \ngeq on input line 174.
LaTeX Font Info:    Redeclaring math symbol \nless on input line 175.
LaTeX Font Info:    Redeclaring math symbol \ngtr on input line 176.
LaTeX Font Info:    Redeclaring math symbol \nprec on input line 177.
LaTeX Font Info:    Redeclaring math symbol \nsucc on input line 178.
LaTeX Font Info:    Redeclaring math symbol \lneqq on input line 179.
LaTeX Font Info:    Redeclaring math symbol \gneqq on input line 180.
LaTeX Font Info:    Redeclaring math symbol \nleqslant on input line 181.
LaTeX Font Info:    Redeclaring math symbol \ngeqslant on input line 182.
LaTeX Font Info:    Redeclaring math symbol \lneq on input line 183.
LaTeX Font Info:    Redeclaring math symbol \gneq on input line 184.
LaTeX Font Info:    Redeclaring math symbol \npreceq on input line 185.
LaTeX Font Info:    Redeclaring math symbol \nsucceq on input line 186.
LaTeX Font Info:    Redeclaring math symbol \precnsim on input line 187.
LaTeX Font Info:    Redeclaring math symbol \succnsim on input line 188.
LaTeX Font Info:    Redeclaring math symbol \lnsim on input line 189.
LaTeX Font Info:    Redeclaring math symbol \gnsim on input line 190.
LaTeX Font Info:    Redeclaring math symbol \nleqq on input line 191.
LaTeX Font Info:    Redeclaring math symbol \ngeqq on input line 192.
LaTeX Font Info:    Redeclaring math symbol \precneqq on input line 193.
LaTeX Font Info:    Redeclaring math symbol \succneqq on input line 194.
LaTeX Font Info:    Redeclaring math symbol \precnapprox on input line 195.
LaTeX Font Info:    Redeclaring math symbol \succnapprox on input line 196.
LaTeX Font Info:    Redeclaring math symbol \lnapprox on input line 197.
LaTeX Font Info:    Redeclaring math symbol \gnapprox on input line 198.
LaTeX Font Info:    Redeclaring math symbol \nsim on input line 199.
LaTeX Font Info:    Redeclaring math symbol \ncong on input line 200.
LaTeX Font Info:    Redeclaring math symbol \diagup on input line 201.
LaTeX Font Info:    Redeclaring math symbol \diagdown on input line 202.
LaTeX Font Info:    Redeclaring math symbol \varsubsetneq on input line 203.
LaTeX Font Info:    Redeclaring math symbol \varsupsetneq on input line 204.
LaTeX Font Info:    Redeclaring math symbol \nsubseteqq on input line 205.
LaTeX Font Info:    Redeclaring math symbol \nsupseteqq on input line 206.
LaTeX Font Info:    Redeclaring math symbol \subsetneqq on input line 207.
LaTeX Font Info:    Redeclaring math symbol \supsetneqq on input line 208.
LaTeX Font Info:    Redeclaring math symbol \varsubsetneqq on input line 209.
LaTeX Font Info:    Redeclaring math symbol \varsupsetneqq on input line 210.
LaTeX Font Info:    Redeclaring math symbol \subsetneq on input line 211.
LaTeX Font Info:    Redeclaring math symbol \supsetneq on input line 212.
LaTeX Font Info:    Redeclaring math symbol \nsubseteq on input line 213.
LaTeX Font Info:    Redeclaring math symbol \nsupseteq on input line 214.
LaTeX Font Info:    Redeclaring math symbol \nparallel on input line 215.
LaTeX Font Info:    Redeclaring math symbol \nmid on input line 216.
LaTeX Font Info:    Redeclaring math symbol \nshortmid on input line 217.
LaTeX Font Info:    Redeclaring math symbol \nshortparallel on input line 218.
LaTeX Font Info:    Redeclaring math symbol \nvdash on input line 219.
LaTeX Font Info:    Redeclaring math symbol \nVdash on input line 220.
LaTeX Font Info:    Redeclaring math symbol \nvDash on input line 221.
LaTeX Font Info:    Redeclaring math symbol \nVDash on input line 222.
LaTeX Font Info:    Redeclaring math symbol \ntrianglerighteq on input line 223.
LaTeX Font Info:    Redeclaring math symbol \ntrianglelefteq on input line 224.
LaTeX Font Info:    Redeclaring math symbol \ntriangleleft on input line 225.
LaTeX Font Info:    Redeclaring math symbol \ntriangleright on input line 226.
LaTeX Font Info:    Redeclaring math symbol \nleftarrow on input line 227.
LaTeX Font Info:    Redeclaring math symbol \nrightarrow on input line 228.
LaTeX Font Info:    Redeclaring math symbol \nLeftarrow on input line 229.
LaTeX Font Info:    Redeclaring math symbol \nRightarrow on input line 230.
LaTeX Font Info:    Redeclaring math symbol \nLeftrightarrow on input line 231.
LaTeX Font Info:    Redeclaring math symbol \nleftrightarrow on input line 232.
LaTeX Font Info:    Redeclaring math symbol \divideontimes on input line 233.
LaTeX Font Info:    Redeclaring math symbol \varnothing on input line 234.
LaTeX Font Info:    Redeclaring math symbol \nexists on input line 235.
LaTeX Font Info:    Redeclaring math symbol \Finv on input line 236.
LaTeX Font Info:    Redeclaring math symbol \Game on input line 237.
LaTeX Font Info:    Redeclaring math symbol \eth on input line 240.
LaTeX Font Info:    Redeclaring math symbol \eqsim on input line 241.
LaTeX Font Info:    Redeclaring math symbol \beth on input line 242.
LaTeX Font Info:    Redeclaring math symbol \gimel on input line 243.
LaTeX Font Info:    Redeclaring math symbol \daleth on input line 244.
LaTeX Font Info:    Redeclaring math symbol \lessdot on input line 245.
LaTeX Font Info:    Redeclaring math symbol \gtrdot on input line 246.
LaTeX Font Info:    Redeclaring math symbol \ltimes on input line 247.
LaTeX Font Info:    Redeclaring math symbol \rtimes on input line 248.
LaTeX Font Info:    Redeclaring math symbol \shortmid on input line 249.
LaTeX Font Info:    Redeclaring math symbol \shortparallel on input line 250.
LaTeX Font Info:    Redeclaring math symbol \smallsetminus on input line 251.
LaTeX Font Info:    Redeclaring math symbol \thicksim on input line 252.
LaTeX Font Info:    Redeclaring math symbol \thickapprox on input line 253.
LaTeX Font Info:    Redeclaring math symbol \approxeq on input line 254.
LaTeX Font Info:    Redeclaring math symbol \succapprox on input line 255.
LaTeX Font Info:    Redeclaring math symbol \precapprox on input line 256.
LaTeX Font Info:    Redeclaring math symbol \curvearrowleft on input line 257.
LaTeX Font Info:    Redeclaring math symbol \curvearrowright on input line 258.
LaTeX Font Info:    Redeclaring math symbol \digamma on input line 259.
LaTeX Font Info:    Redeclaring math symbol \varkappa on input line 260.


C:\Users\ACER\AppData\Local\Programs\MiKTeX\tex/latex/amsfonts\amssymb.sty:261: LaTeX Error: Command `\Bbbk' already defined.

See the LaTeX manual or LaTeX Companion for explanation.
Type  H <return>  for immediate help.
 ...                                              
                                                  
l.261 ...ol{\Bbbk}           {\mathord}{AMSb}{"7C}
                                                  
Your command was ignored.
Type  I <command> <return>  to replace it with another command,
or  <return>  to continue without it.

LaTeX Font Info:    Redeclaring math symbol \hslash on input line 262.
LaTeX Font Info:    Redeclaring math symbol \backepsilon on input line 265.
) (C:\Users\ACER\AppData\Local\Programs\MiKTeX\tex/latex/amscls\amsthm.sty
Package: amsthm 2020/05/29 v2.20.6
\thm@style=\toks30
\thm@bodyfont=\toks31
\thm@headfont=\toks32
\thm@notefont=\toks33
\thm@headpunct=\toks34
\thm@preskip=\skip54
\thm@postskip=\skip55
\thm@headsep=\skip56
\dth@everypar=\toks35


C:\Users\ACER\AppData\Local\Programs\MiKTeX\tex/latex/amscls\amsthm.sty:426: LaTeX Error: Command \openbox already defined.
               Or name \end... illegal, see p.192 of the manual.

See the LaTeX manual or LaTeX Companion for explanation.
Type  H <return>  for immediate help.
 ...                                              
                                                  
l.426   \vrule\hfil}}
                     
Your command was ignored.
Type  I <command> <return>  to replace it with another command,
or  <return>  to continue without it.

LaTeX Info: Redefining \textsquare on input line 427.
) (C:\Users\ACER\AppData\Local\Programs\MiKTeX\tex/latex/base\textcomp.sty
Package: textcomp 2024/04/24 v2.1b Standard LaTeX package
) (C:\Users\ACER\AppData\Local\Programs\MiKTeX\tex/latex/gensymb\gensymb.sty
Package: gensymb 2022/10/17 v1.0.2 (KJH)
) (C:\Users\ACER\AppData\Local\Programs\MiKTeX\tex/latex/geometry\geometry.sty
Package: geometry 2020/01/02 v5.9 Page Geometry
 (C:\Users\ACER\AppData\Local\Programs\MiKTeX\tex/generic/iftex\ifvtex.sty
Package: ifvtex 2019/10/25 v1.7 ifvtex legacy package. Use iftex instead.
)
\Gm@cnth=\count303
\Gm@cntv=\count304
\c@Gm@tempcnt=\count305
\Gm@bindingoffset=\dimen159
\Gm@wd@mp=\dimen160
\Gm@odd@mp=\dimen161
\Gm@even@mp=\dimen162
\Gm@layoutwidth=\dimen163
\Gm@layoutheight=\dimen164
\Gm@layouthoffset=\dimen165
\Gm@layoutvoffset=\dimen166
\Gm@dimlist=\toks36
 (C:\Users\ACER\AppData\Local\Programs\MiKTeX\tex/latex/geometry\geometry.cfg)) (C:\Users\ACER\AppData\Local\Programs\MiKTeX\tex/latex/setspace\setspace.sty
Package: setspace 2022/12/04 v6.7b set line spacing
)
LaTeX Font Info:    Trying to load font information for T5+qtm on input line 32.
 (C:\Users\ACER\AppData\Local\Programs\MiKTeX\tex/latex/tex-gyre\t5qtm.fd
File: t5qtm.fd 2009/09/25 v1.2 font definition file for T5/qtm
) (C:\Users\ACER\AppData\Local\Programs\MiKTeX\tex/latex/tools\indentfirst.sty
Package: indentfirst 2023/07/02 v1.03 Indent first paragraph (DPC)
) (C:\Users\ACER\AppData\Local\Programs\MiKTeX\tex/latex/tools\array.sty
Package: array 2025/09/25 v2.6n Tabular extension package (FMi)
\col@sep=\dimen167
\ar@mcellbox=\box55
\extrarowheight=\dimen168
\NC@list=\toks37
\extratabsurround=\skip57
\backup@length=\skip58
\ar@cellbox=\box56
) (C:\Users\ACER\AppData\Local\Programs\MiKTeX\tex/latex/tools\tabularx.sty
Package: tabularx 2023/12/11 v2.12a `tabularx' package (DPC)
\TX@col@width=\dimen169
\TX@old@table=\dimen170
\TX@old@col=\dimen171
\TX@target=\dimen172
\TX@delta=\dimen173
\TX@cols=\count306
\TX@ftn=\toks38
) (C:\Users\ACER\AppData\Local\Programs\MiKTeX\tex/latex/tools\longtable.sty
Package: longtable 2025-10-13 v4.24 Multi-page Table package (DPC)
\LTleft=\skip59
\LTright=\skip60
\LTpre=\skip61
\LTpost=\skip62
\LTchunksize=\count307
\LTcapwidth=\dimen174
\LT@head=\box57
\LT@firsthead=\box58
\LT@foot=\box59
\LT@lastfoot=\box60
\LT@gbox=\box61
\LT@cols=\count308
\LT@rows=\count309
\c@LT@tables=\count310
\c@LT@chunks=\count311
\LT@p@ftn=\toks39
) (C:\Users\ACER\AppData\Local\Programs\MiKTeX\tex/latex/booktabs\booktabs.sty
Package: booktabs 2020/01/12 v1.61803398 Publication quality tables
\heavyrulewidth=\dimen175
\lightrulewidth=\dimen176
\cmidrulewidth=\dimen177
\belowrulesep=\dimen178
\belowbottomsep=\dimen179
\aboverulesep=\dimen180
\abovetopsep=\dimen181
\cmidrulesep=\dimen182
\cmidrulekern=\dimen183
\defaultaddspace=\dimen184
\@cmidla=\count312
\@cmidlb=\count313
\@aboverulesep=\dimen185
\@belowrulesep=\dimen186
\@thisruleclass=\count314
\@lastruleclass=\count315
\@thisrulewidth=\dimen187
) (C:\Users\ACER\AppData\Local\Programs\MiKTeX\tex/latex/multirow\multirow.sty
Package: multirow 2024/11/12 v2.9 Span multiple rows of a table
\multirow@colwidth=\skip63
\multirow@cntb=\count316
\multirow@dima=\skip64
\bigstrutjot=\dimen188
) (C:\Users\ACER\AppData\Local\Programs\MiKTeX\tex/latex/tools\multicol.sty
Package: multicol 2025/10/21 v2.0b multicolumn formatting (FMi)
\c@tracingmulticols=\count317
\mult@box=\box62
\multicol@leftmargin=\dimen189
\c@unbalance=\count318
\c@collectmore=\count319
\doublecol@number=\count320
\multicoltolerance=\count321
\multicolpretolerance=\count322
\full@width=\dimen190
\page@free=\dimen191
\premulticols=\dimen192
\postmulticols=\dimen193
\multicolsep=\skip65
\multicolbaselineskip=\skip66
\partial@page=\box63
\last@line=\box64
\mc@boxedresult=\box65
\maxbalancingoverflow=\dimen194
\mult@rightbox=\box66
\mult@grightbox=\box67
\mult@firstbox=\box68
\mult@gfirstbox=\box69
\@tempa=\box70
\@tempa=\box71
\@tempa=\box72
\@tempa=\box73
\@tempa=\box74
\@tempa=\box75
\@tempa=\box76
\@tempa=\box77
\@tempa=\box78
\@tempa=\box79
\@tempa=\box80
\@tempa=\box81
\@tempa=\box82
\@tempa=\box83
\@tempa=\box84
\@tempa=\box85
\@tempa=\box86
\@tempa=\box87
\@tempa=\box88
\@tempa=\box89
\@tempa=\box90
\@tempa=\box91
\@tempa=\box92
\@tempa=\box93
\@tempa=\box94
\@tempa=\box95
\@tempa=\box96
\@tempa=\box97
\@tempa=\box98
\@tempa=\box99
\@tempa=\box100
\@tempa=\box101
\@tempa=\box102
\@tempa=\box103
\@tempa=\box104
\@tempa=\box105
\c@minrows=\count323
\c@columnbadness=\count324
\c@finalcolumnbadness=\count325
\last@try=\dimen195
\multicolovershoot=\dimen196
\multicolundershoot=\dimen197
\mult@nat@firstbox=\box106
\colbreak@box=\box107
\mc@col@check@num=\count326
\g__mc_curr_col_int=\count327
) (C:\Users\ACER\AppData\Local\Programs\MiKTeX\tex/latex/diagbox\diagbox.sty
Package: diagbox 2020/02/09 v2.3 Making table heads with diagonal lines
 (C:\Users\ACER\AppData\Local\Programs\MiKTeX\tex/latex/pict2e\pict2e.sty
Package: pict2e 2020/09/30 v0.4b Improved picture commands (HjG,RN,JT)
 (C:\Users\ACER\AppData\Local\Programs\MiKTeX\tex/latex/pict2e\pict2e.cfg
File: pict2e.cfg 2016/02/05 v0.1u pict2e configuration for teTeX/TeXLive
)
Package pict2e Info: Driver file: pdftex.def on input line 112.
 (C:\Users\ACER\AppData\Local\Programs\MiKTeX\tex/latex/graphics-def\pdftex.def
File: pdftex.def 2025/09/29 v1.2d Graphics/color driver for pdftex
)
Package pict2e Info: Driver file for pict2e: p2e-pdftex.def on input line 114.
 (C:\Users\ACER\AppData\Local\Programs\MiKTeX\tex/latex/pict2e\p2e-pdftex.def
File: p2e-pdftex.def 2016/02/05 v0.1u Driver-dependant file (RN,HjG,JT)
) (C:\Users\ACER\AppData\Local\Programs\MiKTeX\tex/latex/graphics\trig.sty
Package: trig 2023/12/02 v1.11 sin cos tan (DPC)
)
\pIIe@GRAPH=\toks40
\@arclen=\dimen198
\@arcrad=\dimen199
\pIIe@tempdima=\dimen256
\pIIe@tempdimb=\dimen257
\pIIe@tempdimc=\dimen258
\pIIe@tempdimd=\dimen259
\pIIe@tempdime=\dimen260
\pIIe@tempdimf=\dimen261
) (C:\Users\ACER\AppData\Local\Programs\MiKTeX\tex/latex/tools\calc.sty
Package: calc 2025/03/01 v4.3b Infix arithmetic (KKT,FJ)
\calc@Acount=\count328
\calc@Bcount=\count329
\calc@Adimen=\dimen262
\calc@Bdimen=\dimen263
\calc@Askip=\skip67
\calc@Bskip=\skip68
LaTeX Info: Redefining \setlength on input line 86.
LaTeX Info: Redefining \addtolength on input line 87.
\calc@Ccount=\count330
\calc@Cskip=\skip69
)
\diagbox@boxa=\box108
\diagbox@boxb=\box109
\diagbox@boxm=\box110
\diagbox@wd=\dimen264
\diagbox@ht=\dimen265
\diagbox@insepl=\dimen266
\diagbox@insepr=\dimen267
\diagbox@outsepl=\dimen268
\diagbox@outsepr=\dimen269
) (C:\Users\ACER\AppData\Local\Programs\MiKTeX\tex/latex/siunitx\siunitx.sty
Package: siunitx 2025-07-09 v3.4.14 A comprehensive (SI) units package
\l__siunitx_number_uncert_offset_int=\count331
\l__siunitx_number_exponent_fixed_int=\count332
\l__siunitx_number_min_decimal_int=\count333
\l__siunitx_number_min_integer_int=\count334
\l__siunitx_number_round_precision_int=\count335
\l__siunitx_number_lower_threshold_int=\count336
\l__siunitx_number_upper_threshold_int=\count337
\l__siunitx_number_group_first_int=\count338
\l__siunitx_number_group_size_int=\count339
\l__siunitx_number_group_minimum_int=\count340
\l__siunitx_angle_tmp_dim=\dimen270
\l__siunitx_angle_marker_box=\box111
\l__siunitx_angle_unit_box=\box112
\l__siunitx_compound_count_int=\count341
 (C:\Users\ACER\AppData\Local\Programs\MiKTeX\tex/latex/translations\translations.sty
Package: translations 2022/02/05 v1.12 internationalization of LaTeX2e packages (CN)
 (C:\Users\ACER\AppData\Local\Programs\MiKTeX\tex/generic/pdftexcmds\pdftexcmds.sty
Package: pdftexcmds 2020-06-27 v0.33 Utility functions of pdfTeX for LuaTeX (HO)
 (C:\Users\ACER\AppData\Local\Programs\MiKTeX\tex/generic/infwarerr\infwarerr.sty
Package: infwarerr 2019/12/03 v1.5 Providing info/warning/error messages (HO)
)
Package pdftexcmds Info: \pdf@primitive is available.
Package pdftexcmds Info: \pdf@ifprimitive is available.
Package pdftexcmds Info: \pdfdraftmode found.
))
\l__siunitx_table_tmp_box=\box113
\l__siunitx_table_tmp_dim=\dimen271
\l__siunitx_table_column_width_dim=\dimen272
\l__siunitx_table_integer_box=\box114
\l__siunitx_table_decimal_box=\box115
\l__siunitx_table_uncert_box=\box116
\l__siunitx_table_before_box=\box117
\l__siunitx_table_after_box=\box118
\l__siunitx_table_before_dim=\dimen273
\l__siunitx_table_carry_dim=\dimen274
\l__siunitx_unit_tmp_int=\count342
\l__siunitx_unit_position_int=\count343
\l__siunitx_unit_total_int=\count344
) (C:\Users\ACER\AppData\Local\Programs\MiKTeX\tex/latex/graphics\graphicx.sty
Package: graphicx 2024/12/31 v1.2e Enhanced LaTeX Graphics (DPC,SPQR)
 (C:\Users\ACER\AppData\Local\Programs\MiKTeX\tex/latex/graphics\graphics.sty
Package: graphics 2024/08/06 v1.4g Standard LaTeX Graphics (DPC,SPQR)
 (C:\Users\ACER\AppData\Local\Programs\MiKTeX\tex/latex/graphics-cfg\graphics.cfg
File: graphics.cfg 2016/06/04 v1.11 sample graphics configuration
)
Package graphics Info: Driver file: pdftex.def on input line 106.
)
\Gin@req@height=\dimen275
\Gin@req@width=\dimen276
) (C:\Users\ACER\AppData\Local\Programs\MiKTeX\tex/latex/caption\subcaption.sty
Package: subcaption 2023/07/28 v1.6b Sub-captions (AR)
 (C:\Users\ACER\AppData\Local\Programs\MiKTeX\tex/latex/caption\caption.sty
Package: caption 2023/08/05 v3.6o Customizing captions (AR)
 (C:\Users\ACER\AppData\Local\Programs\MiKTeX\tex/latex/caption\caption3.sty
Package: caption3 2023/07/31 v2.4d caption3 kernel (AR)
\caption@tempdima=\dimen277
\captionmargin=\dimen278
\caption@leftmargin=\dimen279
\caption@rightmargin=\dimen280
\caption@width=\dimen281
\caption@indent=\dimen282
\caption@parindent=\dimen283
\caption@hangindent=\dimen284
Package caption Info: Standard document class detected.
)
\c@caption@flags=\count345
\c@continuedfloat=\count346
Package caption Info: longtable package is loaded.
 (C:\Users\ACER\AppData\Local\Programs\MiKTeX\tex/latex/caption\ltcaption.sty
Package: ltcaption 2021/01/08 v1.4c longtable captions (AR)
))
Package caption Info: New subtype `subfigure' on input line 238.
\c@subfigure=\count347
Package caption Info: New subtype `subtable' on input line 238.
\c@subtable=\count348
) (C:\Users\ACER\AppData\Local\Programs\MiKTeX\tex/latex/float\float.sty
Package: float 2001/11/08 v1.3d Float enhancements (AL)
\c@float@type=\count349
\float@exts=\toks41
\float@box=\box119
\@float@everytoks=\toks42
\@floatcapt=\box120
) (C:\Users\ACER\AppData\Local\Programs\MiKTeX\tex/latex/graphics\rotating.sty
Package: rotating 2025/01/14 v2.16e rotated objects in LaTeX
\c@r@tfl@t=\count350
\rotFPtop=\skip70
\rotFPbot=\skip71
\rot@float@box=\box121
\rot@mess@toks=\toks43
) (C:\Users\ACER\AppData\Local\Programs\MiKTeX\tex/latex/adjustbox\adjustbox.sty
Package: adjustbox 2025/02/26 v1.3c Adjusting TeX boxes (trim, clip, ...)
 (C:\Users\ACER\AppData\Local\Programs\MiKTeX\tex/latex/adjustbox\adjcalc.sty
Package: adjcalc 2012/05/16 v1.1 Provides advanced setlength with multiple back-ends (calc, etex, pgfmath)
) (C:\Users\ACER\AppData\Local\Programs\MiKTeX\tex/latex/adjustbox\trimclip.sty
Package: trimclip 2025/02/21 v1.2a Trim and clip general TeX material
 (C:\Users\ACER\AppData\Local\Programs\MiKTeX\tex/latex/collectbox\collectbox.sty
Package: collectbox 2022/10/17 v0.4c Collect macro arguments as boxes
\collectedbox=\box122
)
\tc@llx=\dimen285
\tc@lly=\dimen286
\tc@urx=\dimen287
\tc@ury=\dimen288
Package trimclip Info: Using driver 'tc-pdftex.def'.
 (C:\Users\ACER\AppData\Local\Programs\MiKTeX\tex/latex/adjustbox\tc-pdftex.def
File: tc-pdftex.def 2025/02/26 v2.3 Clipping driver for pdftex
))
\adjbox@Width=\dimen289
\adjbox@Height=\dimen290
\adjbox@Depth=\dimen291
\adjbox@Totalheight=\dimen292
\adjbox@pwidth=\dimen293
\adjbox@pheight=\dimen294
\adjbox@pdepth=\dimen295
\adjbox@ptotalheight=\dimen296
 (C:\Users\ACER\AppData\Local\Programs\MiKTeX\tex/latex/ifoddpage\ifoddpage.sty
Package: ifoddpage 2022/10/18 v1.2 Conditionals for odd/even page detection
\c@checkoddpage=\count351
) (C:\Users\ACER\AppData\Local\Programs\MiKTeX\tex/latex/varwidth\varwidth.sty
Package: varwidth 2009/03/30 ver 0.92;  Variable-width minipages
\@vwid@box=\box123
\sift@deathcycles=\count352
\@vwid@loff=\dimen297
\@vwid@roff=\dimen298
)
==> First Aid for varwidth.sty applied!
) (C:\Users\ACER\AppData\Local\Programs\MiKTeX\tex/latex/xcolor\xcolor.sty
Package: xcolor 2024/09/29 v3.02 LaTeX color extensions (UK)
 (C:\Users\ACER\AppData\Local\Programs\MiKTeX\tex/latex/graphics-cfg\color.cfg
File: color.cfg 2016/01/02 v1.6 sample color configuration
)
Package xcolor Info: Driver file: pdftex.def on input line 274.
 (C:\Users\ACER\AppData\Local\Programs\MiKTeX\tex/latex/graphics\mathcolor.ltx)
Package xcolor Info: Model `cmy' substituted by `cmy0' on input line 1349.
Package xcolor Info: Model `hsb' substituted by `rgb' on input line 1353.
Package xcolor Info: Model `RGB' extended on input line 1365.
Package xcolor Info: Model `HTML' substituted by `rgb' on input line 1367.
Package xcolor Info: Model `Hsb' substituted by `hsb' on input line 1368.
Package xcolor Info: Model `tHsb' substituted by `hsb' on input line 1369.
Package xcolor Info: Model `HSB' substituted by `hsb' on input line 1370.
Package xcolor Info: Model `Gray' substituted by `gray' on input line 1371.
Package xcolor Info: Model `wave' substituted by `hsb' on input line 1372.
) (C:\Users\ACER\AppData\Local\Programs\MiKTeX\tex/latex/graphics\dvipsnam.def
File: dvipsnam.def 2016/06/17 v3.0m Driver-dependent file (DPC,SPQR)
) (C:\Users\ACER\AppData\Local\Programs\MiKTeX\tex/latex/listings\listings.sty
\lst@mode=\count353
\lst@gtempboxa=\box124
\lst@token=\toks44
\lst@length=\count354
\lst@currlwidth=\dimen299
\lst@column=\count355
\lst@pos=\count356
\lst@lostspace=\dimen300
\lst@width=\dimen301
\lst@newlines=\count357
\lst@lineno=\count358
\lst@maxwidth=\dimen302
 (C:\Users\ACER\AppData\Local\Programs\MiKTeX\tex/latex/listings\lstpatch.sty
File: lstpatch.sty 2025/11/14 1.11b (Carsten Heinz)
) (C:\Users\ACER\AppData\Local\Programs\MiKTeX\tex/latex/listings\lstmisc.sty
File: lstmisc.sty 2025/11/14 1.11b (Carsten Heinz)
\c@lstnumber=\count359
\lst@skipnumbers=\count360
\lst@framebox=\box125
) (C:\Users\ACER\AppData\Local\Programs\MiKTeX\tex/latex/listings\listings.cfg
File: listings.cfg 2025/11/14 1.11b listings configuration
))
Package: listings 2025/11/14 1.11b (Carsten Heinz)

==> First Aid for listings.sty no longer applied!
    Expected:
        2024/09/23 1.10c (Carsten Heinz)
    but found:
        2025/11/14 1.11b (Carsten Heinz)
    so I'm assuming it got fixed.
(C:\Users\ACER\AppData\Local\Programs\MiKTeX\tex/latex/pgf/frontendlayer\tikz.sty (C:\Users\ACER\AppData\Local\Programs\MiKTeX\tex/latex/pgf/basiclayer\pgf.sty (C:\Users\ACER\AppData\Local\Programs\MiKTeX\tex/latex/pgf/utilities\pgfrcs.sty (C:\Users\ACER\AppData\Local\Programs\MiKTeX\tex/generic/pgf/utilities\pgfutil-common.tex
\pgfutil@everybye=\toks45
\pgfutil@tempdima=\dimen303
\pgfutil@tempdimb=\dimen304
) (C:\Users\ACER\AppData\Local\Programs\MiKTeX\tex/generic/pgf/utilities\pgfutil-latex.def
\pgfutil@abb=\box126
) (C:\Users\ACER\AppData\Local\Programs\MiKTeX\tex/generic/pgf/utilities\pgfrcs.code.tex (C:\Users\ACER\AppData\Local\Programs\MiKTeX\tex/generic/pgf\pgf.revision.tex)
Package: pgfrcs 2025-08-29 v3.1.11a (3.1.11a)
))
Package: pgf 2025-08-29 v3.1.11a (3.1.11a)
 (C:\Users\ACER\AppData\Local\Programs\MiKTeX\tex/latex/pgf/basiclayer\pgfcore.sty (C:\Users\ACER\AppData\Local\Programs\MiKTeX\tex/latex/pgf/systemlayer\pgfsys.sty (C:\Users\ACER\AppData\Local\Programs\MiKTeX\tex/generic/pgf/systemlayer\pgfsys.code.tex
Package: pgfsys 2025-08-29 v3.1.11a (3.1.11a)
 (C:\Users\ACER\AppData\Local\Programs\MiKTeX\tex/generic/pgf/utilities\pgfkeys.code.tex
\pgfkeys@pathtoks=\toks46
\pgfkeys@temptoks=\toks47
 (C:\Users\ACER\AppData\Local\Programs\MiKTeX\tex/generic/pgf/utilities\pgfkeyslibraryfiltered.code.tex
\pgfkeys@tmptoks=\toks48
))
\pgf@x=\dimen305
\pgf@y=\dimen306
\pgf@xa=\dimen307
\pgf@ya=\dimen308
\pgf@xb=\dimen309
\pgf@yb=\dimen310
\pgf@xc=\dimen311
\pgf@yc=\dimen312
\pgf@xd=\dimen313
\pgf@yd=\dimen314
\w@pgf@writea=\write3
\r@pgf@reada=\read4
\c@pgf@counta=\count361
\c@pgf@countb=\count362
\c@pgf@countc=\count363
\c@pgf@countd=\count364
\t@pgf@toka=\toks49
\t@pgf@tokb=\toks50
\t@pgf@tokc=\toks51
\pgf@sys@id@count=\count365
 (C:\Users\ACER\AppData\Local\Programs\MiKTeX\tex/generic/pgf/systemlayer\pgf.cfg
File: pgf.cfg 2025-08-29 v3.1.11a (3.1.11a)
)
Driver file for pgf: pgfsys-pdftex.def
 (C:\Users\ACER\AppData\Local\Programs\MiKTeX\tex/generic/pgf/systemlayer\pgfsys-pdftex.def
File: pgfsys-pdftex.def 2025-08-29 v3.1.11a (3.1.11a)
 (C:\Users\ACER\AppData\Local\Programs\MiKTeX\tex/generic/pgf/systemlayer\pgfsys-common-pdf.def
File: pgfsys-common-pdf.def 2025-08-29 v3.1.11a (3.1.11a)
))) (C:\Users\ACER\AppData\Local\Programs\MiKTeX\tex/generic/pgf/systemlayer\pgfsyssoftpath.code.tex
File: pgfsyssoftpath.code.tex 2025-08-29 v3.1.11a (3.1.11a)
\pgfsyssoftpath@smallbuffer@items=\count366
\pgfsyssoftpath@bigbuffer@items=\count367
) (C:\Users\ACER\AppData\Local\Programs\MiKTeX\tex/generic/pgf/systemlayer\pgfsysprotocol.code.tex
File: pgfsysprotocol.code.tex 2025-08-29 v3.1.11a (3.1.11a)
)) (C:\Users\ACER\AppData\Local\Programs\MiKTeX\tex/generic/pgf/basiclayer\pgfcore.code.tex
Package: pgfcore 2025-08-29 v3.1.11a (3.1.11a)
 (C:\Users\ACER\AppData\Local\Programs\MiKTeX\tex/generic/pgf/math\pgfmath.code.tex (C:\Users\ACER\AppData\Local\Programs\MiKTeX\tex/generic/pgf/math\pgfmathutil.code.tex) (C:\Users\ACER\AppData\Local\Programs\MiKTeX\tex/generic/pgf/math\pgfmathparser.code.tex
\pgfmath@dimen=\dimen315
\pgfmath@count=\count368
\pgfmath@box=\box127
\pgfmath@toks=\toks52
\pgfmath@stack@operand=\toks53
\pgfmath@stack@operation=\toks54
) (C:\Users\ACER\AppData\Local\Programs\MiKTeX\tex/generic/pgf/math\pgfmathfunctions.code.tex) (C:\Users\ACER\AppData\Local\Programs\MiKTeX\tex/generic/pgf/math\pgfmathfunctions.basic.code.tex) (C:\Users\ACER\AppData\Local\Programs\MiKTeX\tex/generic/pgf/math\pgfmathfunctions.trigonometric.code.tex) (C:\Users\ACER\AppData\Local\Programs\MiKTeX\tex/generic/pgf/math\pgfmathfunctions.random.code.tex) (C:\Users\ACER\AppData\Local\Programs\MiKTeX\tex/generic/pgf/math\pgfmathfunctions.comparison.code.tex) (C:\Users\ACER\AppData\Local\Programs\MiKTeX\tex/generic/pgf/math\pgfmathfunctions.base.code.tex) (C:\Users\ACER\AppData\Local\Programs\MiKTeX\tex/generic/pgf/math\pgfmathfunctions.round.code.tex) (C:\Users\ACER\AppData\Local\Programs\MiKTeX\tex/generic/pgf/math\pgfmathfunctions.misc.code.tex) (C:\Users\ACER\AppData\Local\Programs\MiKTeX\tex/generic/pgf/math\pgfmathfunctions.integerarithmetics.code.tex) (C:\Users\ACER\AppData\Local\Programs\MiKTeX\tex/generic/pgf/math\pgfmathcalc.code.tex) (C:\Users\ACER\AppData\Local\Programs\MiKTeX\tex/generic/pgf/math\pgfmathfloat.code.tex
\c@pgfmathroundto@lastzeros=\count369
)) (C:\Users\ACER\AppData\Local\Programs\MiKTeX\tex/generic/pgf/math\pgfint.code.tex) (C:\Users\ACER\AppData\Local\Programs\MiKTeX\tex/generic/pgf/basiclayer\pgfcorepoints.code.tex
File: pgfcorepoints.code.tex 2025-08-29 v3.1.11a (3.1.11a)
\pgf@picminx=\dimen316
\pgf@picmaxx=\dimen317
\pgf@picminy=\dimen318
\pgf@picmaxy=\dimen319
\pgf@pathminx=\dimen320
\pgf@pathmaxx=\dimen321
\pgf@pathminy=\dimen322
\pgf@pathmaxy=\dimen323
\pgf@xx=\dimen324
\pgf@xy=\dimen325
\pgf@yx=\dimen326
\pgf@yy=\dimen327
\pgf@zx=\dimen328
\pgf@zy=\dimen329
) (C:\Users\ACER\AppData\Local\Programs\MiKTeX\tex/generic/pgf/basiclayer\pgfcorepathconstruct.code.tex
File: pgfcorepathconstruct.code.tex 2025-08-29 v3.1.11a (3.1.11a)
\pgf@path@lastx=\dimen330
\pgf@path@lasty=\dimen331
) (C:\Users\ACER\AppData\Local\Programs\MiKTeX\tex/generic/pgf/basiclayer\pgfcorepathusage.code.tex
File: pgfcorepathusage.code.tex 2025-08-29 v3.1.11a (3.1.11a)
\pgf@shorten@end@additional=\dimen332
\pgf@shorten@start@additional=\dimen333
) (C:\Users\ACER\AppData\Local\Programs\MiKTeX\tex/generic/pgf/basiclayer\pgfcorescopes.code.tex
File: pgfcorescopes.code.tex 2025-08-29 v3.1.11a (3.1.11a)
\pgfpic=\box128
\pgf@hbox=\box129
\pgf@layerbox@main=\box130
\pgf@picture@serial@count=\count370
) (C:\Users\ACER\AppData\Local\Programs\MiKTeX\tex/generic/pgf/basiclayer\pgfcoregraphicstate.code.tex
File: pgfcoregraphicstate.code.tex 2025-08-29 v3.1.11a (3.1.11a)
\pgflinewidth=\dimen334
) (C:\Users\ACER\AppData\Local\Programs\MiKTeX\tex/generic/pgf/basiclayer\pgfcoretransformations.code.tex
File: pgfcoretransformations.code.tex 2025-08-29 v3.1.11a (3.1.11a)
\pgf@pt@x=\dimen335
\pgf@pt@y=\dimen336
\pgf@pt@temp=\dimen337
) (C:\Users\ACER\AppData\Local\Programs\MiKTeX\tex/generic/pgf/basiclayer\pgfcorequick.code.tex
File: pgfcorequick.code.tex 2025-08-29 v3.1.11a (3.1.11a)
) (C:\Users\ACER\AppData\Local\Programs\MiKTeX\tex/generic/pgf/basiclayer\pgfcoreobjects.code.tex
File: pgfcoreobjects.code.tex 2025-08-29 v3.1.11a (3.1.11a)
) (C:\Users\ACER\AppData\Local\Programs\MiKTeX\tex/generic/pgf/basiclayer\pgfcorepathprocessing.code.tex
File: pgfcorepathprocessing.code.tex 2025-08-29 v3.1.11a (3.1.11a)
) (C:\Users\ACER\AppData\Local\Programs\MiKTeX\tex/generic/pgf/basiclayer\pgfcorearrows.code.tex
File: pgfcorearrows.code.tex 2025-08-29 v3.1.11a (3.1.11a)
\pgfarrowsep=\dimen338
) (C:\Users\ACER\AppData\Local\Programs\MiKTeX\tex/generic/pgf/basiclayer\pgfcoreshade.code.tex
File: pgfcoreshade.code.tex 2025-08-29 v3.1.11a (3.1.11a)
\pgf@max=\dimen339
\pgf@sys@shading@range@num=\count371
\pgf@shadingcount=\count372
) (C:\Users\ACER\AppData\Local\Programs\MiKTeX\tex/generic/pgf/basiclayer\pgfcoreimage.code.tex
File: pgfcoreimage.code.tex 2025-08-29 v3.1.11a (3.1.11a)
) (C:\Users\ACER\AppData\Local\Programs\MiKTeX\tex/generic/pgf/basiclayer\pgfcoreexternal.code.tex
File: pgfcoreexternal.code.tex 2025-08-29 v3.1.11a (3.1.11a)
\pgfexternal@startupbox=\box131
) (C:\Users\ACER\AppData\Local\Programs\MiKTeX\tex/generic/pgf/basiclayer\pgfcorelayers.code.tex
File: pgfcorelayers.code.tex 2025-08-29 v3.1.11a (3.1.11a)
) (C:\Users\ACER\AppData\Local\Programs\MiKTeX\tex/generic/pgf/basiclayer\pgfcoretransparency.code.tex
File: pgfcoretransparency.code.tex 2025-08-29 v3.1.11a (3.1.11a)
) (C:\Users\ACER\AppData\Local\Programs\MiKTeX\tex/generic/pgf/basiclayer\pgfcorepatterns.code.tex
File: pgfcorepatterns.code.tex 2025-08-29 v3.1.11a (3.1.11a)
) (C:\Users\ACER\AppData\Local\Programs\MiKTeX\tex/generic/pgf/basiclayer\pgfcorerdf.code.tex
File: pgfcorerdf.code.tex 2025-08-29 v3.1.11a (3.1.11a)
))) (C:\Users\ACER\AppData\Local\Programs\MiKTeX\tex/generic/pgf/modules\pgfmoduleshapes.code.tex
File: pgfmoduleshapes.code.tex 2025-08-29 v3.1.11a (3.1.11a)
\pgfnodeparttextbox=\box132
) (C:\Users\ACER\AppData\Local\Programs\MiKTeX\tex/generic/pgf/modules\pgfmoduleplot.code.tex
File: pgfmoduleplot.code.tex 2025-08-29 v3.1.11a (3.1.11a)
) (C:\Users\ACER\AppData\Local\Programs\MiKTeX\tex/latex/pgf/compatibility\pgfcomp-version-0-65.sty
Package: pgfcomp-version-0-65 2025-08-29 v3.1.11a (3.1.11a)
\pgf@nodesepstart=\dimen340
\pgf@nodesepend=\dimen341
) (C:\Users\ACER\AppData\Local\Programs\MiKTeX\tex/latex/pgf/compatibility\pgfcomp-version-1-18.sty
Package: pgfcomp-version-1-18 2025-08-29 v3.1.11a (3.1.11a)
)) (C:\Users\ACER\AppData\Local\Programs\MiKTeX\tex/latex/pgf/utilities\pgffor.sty (C:\Users\ACER\AppData\Local\Programs\MiKTeX\tex/latex/pgf/utilities\pgfkeys.sty (C:\Users\ACER\AppData\Local\Programs\MiKTeX\tex/generic/pgf/utilities\pgfkeys.code.tex)) (C:\Users\ACER\AppData\Local\Programs\MiKTeX\tex/latex/pgf/math\pgfmath.sty (C:\Users\ACER\AppData\Local\Programs\MiKTeX\tex/generic/pgf/math\pgfmath.code.tex)) (C:\Users\ACER\AppData\Local\Programs\MiKTeX\tex/generic/pgf/utilities\pgffor.code.tex
Package: pgffor 2025-08-29 v3.1.11a (3.1.11a)
\pgffor@iter=\dimen342
\pgffor@skip=\dimen343
\pgffor@stack=\toks55
\pgffor@toks=\toks56
)) (C:\Users\ACER\AppData\Local\Programs\MiKTeX\tex/generic/pgf/frontendlayer/tikz\tikz.code.tex
Package: tikz 2025-08-29 v3.1.11a (3.1.11a)
 (C:\Users\ACER\AppData\Local\Programs\MiKTeX\tex/generic/pgf/libraries\pgflibraryplothandlers.code.tex
File: pgflibraryplothandlers.code.tex 2025-08-29 v3.1.11a (3.1.11a)
\pgf@plot@mark@count=\count373
\pgfplotmarksize=\dimen344
)
\tikz@lastx=\dimen345
\tikz@lasty=\dimen346
\tikz@lastxsaved=\dimen347
\tikz@lastysaved=\dimen348
\tikz@lastmovetox=\dimen349
\tikz@lastmovetoy=\dimen350
\tikzleveldistance=\dimen351
\tikzsiblingdistance=\dimen352
\tikz@figbox=\box133
\tikz@figbox@bg=\box134
\tikz@tempbox=\box135
\tikz@tempbox@bg=\box136
\tikztreelevel=\count374
\tikznumberofchildren=\count375
\tikznumberofcurrentchild=\count376
\tikz@fig@count=\count377
 (C:\Users\ACER\AppData\Local\Programs\MiKTeX\tex/generic/pgf/modules\pgfmodulematrix.code.tex
File: pgfmodulematrix.code.tex 2025-08-29 v3.1.11a (3.1.11a)
\pgfmatrixcurrentrow=\count378
\pgfmatrixcurrentcolumn=\count379
\pgf@matrix@numberofcolumns=\count380
)
\tikz@expandcount=\count381
 (C:\Users\ACER\AppData\Local\Programs\MiKTeX\tex/generic/pgf/frontendlayer/tikz/libraries\tikzlibrarytopaths.code.tex
File: tikzlibrarytopaths.code.tex 2025-08-29 v3.1.11a (3.1.11a)
))) (C:\Users\ACER\AppData\Local\Programs\MiKTeX\tex/latex/tkz-tab\tkz-tab.sty
Package: tkz-tab 2020/04/29 v2.12c variations (ctan version)
 (C:\Users\ACER\AppData\Local\Programs\MiKTeX\tex/generic/pgf/frontendlayer/tikz/libraries\tikzlibraryarrows.code.tex
File: tikzlibraryarrows.code.tex 2025-08-29 v3.1.11a (3.1.11a)
 (C:\Users\ACER\AppData\Local\Programs\MiKTeX\tex/generic/pgf/libraries\pgflibraryarrows.code.tex
File: pgflibraryarrows.code.tex 2025-08-29 v3.1.11a (3.1.11a)
\arrowsize=\dimen353
)) (C:\Users\ACER\AppData\Local\Programs\MiKTeX\tex/generic/pgf/frontendlayer/tikz/libraries\tikzlibrarypatterns.code.tex
File: tikzlibrarypatterns.code.tex 2025-08-29 v3.1.11a (3.1.11a)
 (C:\Users\ACER\AppData\Local\Programs\MiKTeX\tex/generic/pgf/libraries\pgflibrarypatterns.code.tex
File: pgflibrarypatterns.code.tex 2025-08-29 v3.1.11a (3.1.11a)
))
\tkz@XF=\dimen354
\tkz@YF=\dimen355
\c@tkz@cnt@line=\count382
\c@tkz@cnt@lg=\count383
\c@tkz@cnt@cl=\count384
\c@tkz@cnt@pred=\count385
\c@tkz@cnt@temp=\count386
\c@tkz@cnt@arrow=\count387
\c@tkz@cnt@zone=\count388
\c@tkz@cnt@lgnext=\count389
\c@tkz@cnt@clnext=\count390
\c@tkz@cnt@pair=\count391
\c@tkz@cnt@impair=\count392
\c@tkz@cnt@aw=\count393
) (C:\Users\ACER\AppData\Local\Programs\MiKTeX\tex/generic/pgf/frontendlayer/tikz/libraries\tikzlibraryshapes.geometric.code.tex
File: tikzlibraryshapes.geometric.code.tex 2025-08-29 v3.1.11a (3.1.11a)
 (C:\Users\ACER\AppData\Local\Programs\MiKTeX\tex/generic/pgf/libraries/shapes\pgflibraryshapes.geometric.code.tex
File: pgflibraryshapes.geometric.code.tex 2025-08-29 v3.1.11a (3.1.11a)
)) (C:\Users\ACER\AppData\Local\Programs\MiKTeX\tex/latex/mdframed\mdframed.sty
Package: mdframed 2013/07/01 1.9b: mdframed
 (C:\Users\ACER\AppData\Local\Programs\MiKTeX\tex/latex/l3packages/xparse\xparse.sty (C:\Users\ACER\AppData\Local\Programs\MiKTeX\tex/latex/l3kernel\expl3.sty
Package: expl3 2025-11-06 L3 programming layer (loader) 
 (C:\Users\ACER\AppData\Local\Programs\MiKTeX\tex/latex/l3backend\l3backend-pdftex.def
File: l3backend-pdftex.def 2025-10-09 L3 backend support: PDF output (pdfTeX)
\l__color_backend_stack_int=\count394
))
Package: xparse 2025-10-09 L3 Experimental document command parser
) (C:\Users\ACER\AppData\Local\Programs\MiKTeX\tex/latex/zref\zref-abspage.sty
Package: zref-abspage 2025-06-08 v2.36 Module abspage for zref (HO)
 (C:\Users\ACER\AppData\Local\Programs\MiKTeX\tex/latex/zref\zref-base.sty
Package: zref-base 2025-06-08 v2.36 Module base for zref (HO)
 (C:\Users\ACER\AppData\Local\Programs\MiKTeX\tex/generic/kvdefinekeys\kvdefinekeys.sty
Package: kvdefinekeys 2019-12-19 v1.6 Define keys (HO)
) (C:\Users\ACER\AppData\Local\Programs\MiKTeX\tex/generic/etexcmds\etexcmds.sty
Package: etexcmds 2019/12/15 v1.7 Avoid name clashes with e-TeX commands (HO)
) (C:\Users\ACER\AppData\Local\Programs\MiKTeX\tex/latex/auxhook\auxhook.sty
Package: auxhook 2019-12-17 v1.6 Hooks for auxiliary files (HO)
)
Package zref Info: New property list: main on input line 767.
Package zref Info: New property: default on input line 768.
Package zref Info: New property: page on input line 769.
)
\c@abspage=\count395
Package zref Info: New property: abspage on input line 67.
) (C:\Users\ACER\AppData\Local\Programs\MiKTeX\tex/latex/needspace\needspace.sty
Package: needspace 2025/03/13 v1.3e reserve vertical space
)
\mdf@templength=\skip72
\c@mdf@globalstyle@cnt=\count396
\mdf@skipabove@length=\skip73
\mdf@skipbelow@length=\skip74
\mdf@leftmargin@length=\skip75
\mdf@rightmargin@length=\skip76
\mdf@innerleftmargin@length=\skip77
\mdf@innerrightmargin@length=\skip78
\mdf@innertopmargin@length=\skip79
\mdf@innerbottommargin@length=\skip80
\mdf@splittopskip@length=\skip81
\mdf@splitbottomskip@length=\skip82
\mdf@outermargin@length=\skip83
\mdf@innermargin@length=\skip84
\mdf@linewidth@length=\skip85
\mdf@innerlinewidth@length=\skip86
\mdf@middlelinewidth@length=\skip87
\mdf@outerlinewidth@length=\skip88
\mdf@roundcorner@length=\skip89
\mdf@footenotedistance@length=\skip90
\mdf@userdefinedwidth@length=\skip91
\mdf@needspace@length=\skip92
\mdf@frametitleaboveskip@length=\skip93
\mdf@frametitlebelowskip@length=\skip94
\mdf@frametitlerulewidth@length=\skip95
\mdf@frametitleleftmargin@length=\skip96
\mdf@frametitlerightmargin@length=\skip97
\mdf@shadowsize@length=\skip98
\mdf@extratopheight@length=\skip99
\mdf@subtitleabovelinewidth@length=\skip100
\mdf@subtitlebelowlinewidth@length=\skip101
\mdf@subtitleaboveskip@length=\skip102
\mdf@subtitlebelowskip@length=\skip103
\mdf@subtitleinneraboveskip@length=\skip104
\mdf@subtitleinnerbelowskip@length=\skip105
\mdf@subsubtitleabovelinewidth@length=\skip106
\mdf@subsubtitlebelowlinewidth@length=\skip107
\mdf@subsubtitleaboveskip@length=\skip108
\mdf@subsubtitlebelowskip@length=\skip109
\mdf@subsubtitleinneraboveskip@length=\skip110
\mdf@subsubtitleinnerbelowskip@length=\skip111
 (C:\Users\ACER\AppData\Local\Programs\MiKTeX\tex/latex/mdframed\md-frame-0.mdf
File: md-frame-0.mdf 2013/07/01\ 1.9b: md-frame-0
)
\mdf@frametitlebox=\box137
\mdf@footnotebox=\box138
\mdf@splitbox@one=\box139
\mdf@splitbox@two=\box140
\mdf@splitbox@save=\box141
\mdfsplitboxwidth=\skip112
\mdfsplitboxtotalwidth=\skip113
\mdfsplitboxheight=\skip114
\mdfsplitboxdepth=\skip115
\mdfsplitboxtotalheight=\skip116
\mdfframetitleboxwidth=\skip117
\mdfframetitleboxtotalwidth=\skip118
\mdfframetitleboxheight=\skip119
\mdfframetitleboxdepth=\skip120
\mdfframetitleboxtotalheight=\skip121
\mdffootnoteboxwidth=\skip122
\mdffootnoteboxtotalwidth=\skip123
\mdffootnoteboxheight=\skip124
\mdffootnoteboxdepth=\skip125
\mdffootnoteboxtotalheight=\skip126
\mdftotallinewidth=\skip127
\mdfboundingboxwidth=\skip128
\mdfboundingboxtotalwidth=\skip129
\mdfboundingboxheight=\skip130
\mdfboundingboxdepth=\skip131
\mdfboundingboxtotalheight=\skip132
\mdf@freevspace@length=\skip133
\mdf@horizontalwidthofbox@length=\skip134
\mdf@verticalmarginwhole@length=\skip135
\mdf@horizontalspaceofbox=\skip136
\mdfsubtitleheight=\skip137
\mdfsubsubtitleheight=\skip138
\c@mdfcountframes=\count397

****** mdframed patching \endmdf@trivlist

****** -- success******

\mdf@envdepth=\count398
\c@mdf@env@i=\count399
\c@mdf@env@ii=\count400
\c@mdf@zref@counter=\count401
Package zref Info: New property: mdf@pagevalue on input line 895.
) (C:\Users\ACER\AppData\Local\Programs\MiKTeX\tex/latex/framed\framed.sty
Package: framed 2011/10/22 v 0.96: framed or shaded text with page breaks
\OuterFrameSep=\skip139
\fb@frw=\dimen356
\fb@frh=\dimen357
\FrameRule=\dimen358
\FrameSep=\dimen359
) (C:\Users\ACER\AppData\Local\Programs\MiKTeX\tex/latex/tcolorbox\tcolorbox.sty
Package: tcolorbox 2025/09/09 version 6.8.0 text color boxes
 (C:\Users\ACER\AppData\Local\Programs\MiKTeX\tex/latex/tools\verbatim.sty
Package: verbatim 2024-01-22 v1.5x LaTeX2e package for verbatim enhancements
\every@verbatim=\toks57
\verbatim@line=\toks58
\verbatim@in@stream=\read5
) (C:\Users\ACER\AppData\Local\Programs\MiKTeX\tex/latex/environ\environ.sty
Package: environ 2014/05/04 v0.3 A new way to define environments
 (C:\Users\ACER\AppData\Local\Programs\MiKTeX\tex/latex/trimspaces\trimspaces.sty
Package: trimspaces 2009/09/17 v1.1 Trim spaces around a token list
))
\tcb@titlebox=\box142
\tcb@upperbox=\box143
\tcb@lowerbox=\box144
\tcb@phantombox=\box145
\c@tcbbreakpart=\count402
\c@tcblayer=\count403
\c@tcolorbox@number=\count404
\l__tcobox_tmpa_box=\box146
\l__tcobox_tmpa_dim=\dimen360
\tcb@temp=\box147
\tcb@temp=\box148
\tcb@temp=\box149
\tcb@temp=\box150
) (C:\Users\ACER\AppData\Local\Programs\MiKTeX\tex/latex/koma-script\scrextend.sty
Package: scrextend 2025/09/09 v3.48 KOMA-Script package (extend other classes with features of KOMA-Script classes)
 (C:\Users\ACER\AppData\Local\Programs\MiKTeX\tex/latex/koma-script\scrkbase.sty
Package: scrkbase 2025/09/09 v3.48 KOMA-Script package (KOMA-Script-dependent basics and keyval usage)
 (C:\Users\ACER\AppData\Local\Programs\MiKTeX\tex/latex/koma-script\scrbase.sty
Package: scrbase 2025/09/09 v3.48 KOMA-Script package (KOMA-Script-independent basics and keyval usage)
 (C:\Users\ACER\AppData\Local\Programs\MiKTeX\tex/latex/koma-script\scrlfile.sty
Package: scrlfile 2025/09/09 v3.48 KOMA-Script package (file load hooks)
 (C:\Users\ACER\AppData\Local\Programs\MiKTeX\tex/latex/koma-script\scrlfile-hook.sty
Package: scrlfile-hook 2025/09/09 v3.48 KOMA-Script package (using LaTeX hooks)
 (C:\Users\ACER\AppData\Local\Programs\MiKTeX\tex/latex/koma-script\scrlogo.sty
Package: scrlogo 2025/09/09 v3.48 KOMA-Script package (logo)
)))
Applying: [2021/05/01] Usage of raw or classic option list on input line 254.
Already applied: [0000/00/00] Usage of raw or classic option list on input line 370.
))) (C:\Users\ACER\AppData\Local\Programs\MiKTeX\tex/latex/xurl\xurl.sty
Package: xurl 2022/01/09 v 0.10 modify URL breaks
 (C:\Users\ACER\AppData\Local\Programs\MiKTeX\tex/latex/url\url.sty
\Urlmuskip=\muskip18
Package: url 2013/09/16  ver 3.4  Verb mode for urls, etc.
)) (C:\Users\ACER\AppData\Local\Programs\MiKTeX\tex/latex/algorithm2e\algorithm2e.sty
Package: algorithm2e 2017/07/18 v5.2 algorithms environments
\c@AlgoLine=\count405
\algocf@hangindent=\skip140
 (C:\Users\ACER\AppData\Local\Programs\MiKTeX\tex/latex/tools\xspace.sty
Package: xspace 2014/10/28 v1.13 Space after command names (DPC,MH)
) (C:\Users\ACER\AppData\Local\Programs\MiKTeX\tex/latex/relsize\relsize.sty
Package: relsize 2013/03/29 ver 4.1
)
\skiptotal=\skip141
\skiplinenumber=\skip142
\skiprule=\skip143
\skiphlne=\skip144
\skiptext=\skip145
\skiplength=\skip146
\algomargin=\skip147
\skipalgocfslide=\skip148
\algowidth=\dimen361
\inoutsize=\dimen362
\inoutindent=\dimen363
\interspacetitleruled=\dimen364
\interspacealgoruled=\dimen365
\interspacetitleboxruled=\dimen366
\algocf@ruledwidth=\skip149
\algocf@inoutbox=\box151
\algocf@inputbox=\box152
\AlCapSkip=\skip150
\AlCapHSkip=\skip151
\algoskipindent=\skip152
\algocf@nlbox=\box153
\algocf@hangingbox=\box154
\algocf@untilbox=\box155
\algocf@skipuntil=\skip153
\algocf@capbox=\box156
\algocf@lcaptionbox=\skip154
\algoheightruledefault=\skip155
\algoheightrule=\skip156
\algotitleheightruledefault=\skip157
\algotitleheightrule=\skip158
\c@algocfline=\count406
\c@algocfproc=\count407
\c@algocf=\count408
\algocf@algoframe=\box157
\algocf@algobox=\box158
) (C:\Users\ACER\AppData\Local\Programs\MiKTeX\tex/latex/titlesec\titlesec.sty
Package: titlesec 2025/01/04 v2.17 Sectioning titles
\ttl@box=\box159
\beforetitleunit=\skip159
\aftertitleunit=\skip160
\ttl@plus=\dimen367
\ttl@minus=\dimen368
\ttl@toksa=\toks59
\titlewidth=\dimen369
\titlewidthlast=\dimen370
\titlewidthfirst=\dimen371
) (C:\Users\ACER\AppData\Local\Programs\MiKTeX\tex/latex/fancyhdr\fancyhdr.sty
Package: fancyhdr 2025/02/07 v5.2 Extensive control of page headers and footers
\f@nch@headwidth=\skip161
\f@nch@offset@elh=\skip162
\f@nch@offset@erh=\skip163
\f@nch@offset@olh=\skip164
\f@nch@offset@orh=\skip165
\f@nch@offset@elf=\skip166
\f@nch@offset@erf=\skip167
\f@nch@offset@olf=\skip168
\f@nch@offset@orf=\skip169
\f@nch@height=\skip170
\f@nch@footalignment=\skip171
\f@nch@widthL=\skip172
\f@nch@widthC=\skip173
\f@nch@widthR=\skip174
\@temptokenb=\toks60
) (C:\Users\ACER\AppData\Local\Programs\MiKTeX\tex/latex/lastpage\lastpage.sty
Package: lastpage 2025/08/14 v2.1h lastpage: 2.09 or 2e? (HMM)
 (C:\Users\ACER\AppData\Local\Programs\MiKTeX\tex/latex/lastpage\lastpage2e.sty
Package: lastpage2e 2025/08/14 v2.1h Decide which 2e lastpage version to use (HMM)
 (C:\Users\ACER\AppData\Local\Programs\MiKTeX\tex/latex/lastpage\lastpagemodern.sty
Package: lastpagemodern 2025-08-14 v2.1h Refers to last page's name (HMM; JPG)
\c@lastpagecount=\count409
) 
)) (C:\Users\ACER\AppData\Local\Programs\MiKTeX\tex/latex/hyperref\hyperref.sty
Package: hyperref 2025-07-12 v7.01o Hypertext links for LaTeX
 (C:\Users\ACER\AppData\Local\Programs\MiKTeX\tex/generic/pdfescape\pdfescape.sty
Package: pdfescape 2019/12/09 v1.15 Implements pdfTeX's escape features (HO)
) (C:\Users\ACER\AppData\Local\Programs\MiKTeX\tex/latex/hycolor\hycolor.sty
Package: hycolor 2020-01-27 v1.10 Color options for hyperref/bookmark (HO)
) (C:\Users\ACER\AppData\Local\Programs\MiKTeX\tex/latex/hyperref\nameref.sty
Package: nameref 2025-06-21 v2.57 Cross-referencing by name of section
 (C:\Users\ACER\AppData\Local\Programs\MiKTeX\tex/latex/refcount\refcount.sty
Package: refcount 2019/12/15 v3.6 Data extraction from label references (HO)
) (C:\Users\ACER\AppData\Local\Programs\MiKTeX\tex/generic/gettitlestring\gettitlestring.sty
Package: gettitlestring 2019/12/15 v1.6 Cleanup title references (HO)
)
\c@section@level=\count410
) (C:\Users\ACER\AppData\Local\Programs\MiKTeX\tex/generic/stringenc\stringenc.sty
Package: stringenc 2019/11/29 v1.12 Convert strings between diff. encodings (HO)
)
\@linkdim=\dimen372
\Hy@linkcounter=\count411
\Hy@pagecounter=\count412
 (C:\Users\ACER\AppData\Local\Programs\MiKTeX\tex/latex/hyperref\pd1enc.def
File: pd1enc.def 2025-07-12 v7.01o Hyperref: PDFDocEncoding definition (HO)
Now handling font encoding PD1 ...
... no UTF-8 mapping file for font encoding PD1
) (C:\Users\ACER\AppData\Local\Programs\MiKTeX\tex/generic/intcalc\intcalc.sty
Package: intcalc 2019/12/15 v1.3 Expandable calculations with integers (HO)
)
\Hy@SavedSpaceFactor=\count413
 (C:\Users\ACER\AppData\Local\Programs\MiKTeX\tex/latex/hyperref\puenc.def
File: puenc.def 2025-07-12 v7.01o Hyperref: PDF Unicode definition (HO)
Now handling font encoding PU ...
... no UTF-8 mapping file for font encoding PU
)
Package hyperref Info: Hyper figures OFF on input line 4195.
Package hyperref Info: Link nesting OFF on input line 4200.
Package hyperref Info: Hyper index ON on input line 4203.
Package hyperref Info: Plain pages OFF on input line 4210.
Package hyperref Info: Backreferencing OFF on input line 4215.
Package hyperref Info: Implicit mode ON; LaTeX internals redefined.
Package hyperref Info: Bookmarks ON on input line 4462.
\c@Hy@tempcnt=\count414
LaTeX Info: Redefining \url on input line 4801.
\XeTeXLinkMargin=\dimen373
 (C:\Users\ACER\AppData\Local\Programs\MiKTeX\tex/generic/bitset\bitset.sty
Package: bitset 2019/12/09 v1.3 Handle bit-vector datatype (HO)
 (C:\Users\ACER\AppData\Local\Programs\MiKTeX\tex/generic/bigintcalc\bigintcalc.sty
Package: bigintcalc 2019/12/15 v1.5 Expandable calculations on big integers (HO)
))
\Fld@menulength=\count415
\Field@Width=\dimen374
\Fld@charsize=\dimen375
Package hyperref Info: Hyper figures OFF on input line 6078.
Package hyperref Info: Link nesting OFF on input line 6083.
Package hyperref Info: Hyper index ON on input line 6086.
Package hyperref Info: backreferencing OFF on input line 6093.
Package hyperref Info: Link coloring OFF on input line 6098.
Package hyperref Info: Link coloring with OCG OFF on input line 6103.
Package hyperref Info: PDF/A mode OFF on input line 6108.
\Hy@abspage=\count416
\c@Item=\count417
\c@Hfootnote=\count418
)
Package hyperref Info: Driver (autodetected): hpdftex.
 (C:\Users\ACER\AppData\Local\Programs\MiKTeX\tex/latex/hyperref\hpdftex.def
File: hpdftex.def 2025-07-12 v7.01o Hyperref driver for pdfTeX
\HyAnn@Count=\count419
\Fld@listcount=\count420
\c@bookmark@seq@number=\count421
 (C:\Users\ACER\AppData\Local\Programs\MiKTeX\tex/latex/rerunfilecheck\rerunfilecheck.sty
Package: rerunfilecheck 2025-06-21 v1.11 Rerun checks for auxiliary files (HO)
 (C:\Users\ACER\AppData\Local\Programs\MiKTeX\tex/generic/uniquecounter\uniquecounter.sty
Package: uniquecounter 2019/12/15 v1.4 Provide unlimited unique counter (HO)
)
Package uniquecounter Info: New unique counter `rerunfilecheck' on input line 284.
)
\Hy@SectionHShift=\skip175
))
No file main.aux.
\openout1 = `main.aux'.

LaTeX Font Info:    Checking defaults for OML/ntxmi/m/it on input line 5.
LaTeX Font Info:    Trying to load font information for OML+ntxmi on input line 5.
(C:\Users\ACER\AppData\Local\Programs\MiKTeX\tex/latex/newtx\omlntxmi.fd
File: omlntxmi.fd 2015/08/25 Fontinst v1.933 font definitions for OML/ntxmi.
)
LaTeX Font Info:    ... okay on input line 5.
LaTeX Font Info:    Checking defaults for OMS/cmsy/m/n on input line 5.
LaTeX Font Info:    ... okay on input line 5.
LaTeX Font Info:    Checking defaults for OT1/cmr/m/n on input line 5.
LaTeX Font Info:    ... okay on input line 5.
LaTeX Font Info:    Checking defaults for T1/cmr/m/n on input line 5.
LaTeX Font Info:    ... okay on input line 5.
LaTeX Font Info:    Checking defaults for TS1/cmr/m/n on input line 5.
LaTeX Font Info:    ... okay on input line 5.
LaTeX Font Info:    Checking defaults for OMX/cmex/m/n on input line 5.
LaTeX Font Info:    ... okay on input line 5.
LaTeX Font Info:    Checking defaults for U/ntxexa/m/n on input line 5.
LaTeX Font Info:    Trying to load font information for U+ntxexa on input line 5.
 (C:\Users\ACER\AppData\Local\Programs\MiKTeX\tex/latex/newtx\untxexa.fd
File: untxexa.fd 2012/04/16 Fontinst v1.933 font definitions for U/ntxexa.
)
LaTeX Font Info:    ... okay on input line 5.
LaTeX Font Info:    Checking defaults for T5/cmr/m/n on input line 5.
LaTeX Font Info:    ... okay on input line 5.
LaTeX Font Info:    Checking defaults for LMS/ntxsy/m/n on input line 5.
LaTeX Font Info:    Trying to load font information for LMS+ntxsy on input line 5.
 (C:\Users\ACER\AppData\Local\Programs\MiKTeX\tex/latex/newtx\lmsntxsy.fd
File: lmsntxsy.fd 2016/07/02 Fontinst v1.933 font definitions for LMS/ntxsy.
)
LaTeX Font Info:    ... okay on input line 5.
LaTeX Font Info:    Checking defaults for LMX/ntxexx/m/n on input line 5.
LaTeX Font Info:    Trying to load font information for LMX+ntxexx on input line 5.
 (C:\Users\ACER\AppData\Local\Programs\MiKTeX\tex/latex/newtx\lmxntxexx.fd
File: lmxntxexx.fd 2016/07/03 Fontinst v1.933 font definitions for LMX/ntxexx.
)
LaTeX Font Info:    ... okay on input line 5.
LaTeX Font Info:    Checking defaults for PD1/pdf/m/n on input line 5.
LaTeX Font Info:    ... okay on input line 5.
LaTeX Font Info:    Checking defaults for PU/pdf/m/n on input line 5.
LaTeX Font Info:    ... okay on input line 5.
Package babel Info: 'vietnamese' activates 'vietnamese' shorthands.
(babel)             Reported on input line 5.
LaTeX Info: Command `\dddot' is already robust on input line 5.
LaTeX Info: Command `\ddddot' is already robust on input line 5.
\symgns@font=\mathgroup10
LaTeX Font Info:    Overwriting symbol font `gns@font' in version `bold'
(Font)                  TS1/qtm/m/n --> TS1/qtm/b/n on input line 5.
Package gensymb Info: Math companion symbols declared on input line 5.
LaTeX Info: Redefining \degree on input line 5.
LaTeX Info: Redefining \celsius on input line 5.
Package gensymb Info: Using text companion symbols for \degree, \celsius and \perthousand on input line 5.
LaTeX Info: Redefining \ohm on input line 5.
Package gensymb Info: Using \textohm for \ohm on input line 5.
Package gensymb Info: Using \textmu for \micro on input line 5.

*geometry* driver: auto-detecting
*geometry* detected driver: pdftex
*geometry* verbose mode - [ preamble ] result:
* driver: pdftex
* paper: a4paper
* layout: <same size as paper>
* layoutoffset:(h,v)=(0.0pt,0.0pt)
* modes: 
* h-part:(L,W,R)=(85.35826pt, 455.24411pt, 56.9055pt)
* v-part:(T,H,B)=(71.13188pt, 702.78308pt, 71.13188pt)
* \paperwidth=597.50787pt
* \paperheight=845.04684pt
* \textwidth=455.24411pt
* \textheight=702.78308pt
* \oddsidemargin=13.08827pt
* \evensidemargin=13.08827pt
* \topmargin=-38.1381pt
* \headheight=30.0pt
* \headsep=25.0pt
* \topskip=12.0pt
* \footskip=30.0pt
* \marginparwidth=35.0pt
* \marginparsep=10.0pt
* \columnsep=10.0pt
* \skip\footins=10.8pt plus 4.0pt minus 2.0pt
* \hoffset=0.0pt
* \voffset=0.0pt
* \mag=1000
* \@twocolumnfalse
* \@twosidefalse
* \@mparswitchfalse
* \@reversemarginfalse
* (1in=72.27pt=25.4mm, 1cm=28.453pt)

(C:\Users\ACER\AppData\Local\Programs\MiKTeX\tex/context/base/mkii\supp-pdf.mkii
[Loading MPS to PDF converter (version 2006.09.02).]
\scratchcounter=\count422
\scratchdimen=\dimen376
\scratchbox=\box160
\nofMPsegments=\count423
\nofMParguments=\count424
\everyMPshowfont=\toks61
\MPscratchCnt=\count425
\MPscratchDim=\dimen377
\MPnumerator=\count426
\makeMPintoPDFobject=\count427
\everyMPtoPDFconversion=\toks62
) (C:\Users\ACER\AppData\Local\Programs\MiKTeX\tex/latex/epstopdf-pkg\epstopdf-base.sty
Package: epstopdf-base 2020-01-24 v2.11 Base part for package epstopdf
Package epstopdf-base Info: Redefining graphics rule for `.eps' on input line 485.
 (C:\Users\ACER\AppData\Local\Programs\MiKTeX\tex/latex/00miktex\epstopdf-sys.cfg
File: epstopdf-sys.cfg 2021/03/18 v2.0 Configuration of epstopdf for MiKTeX
))
Package translations Info: no dictionary file `translations-basic-dictionary-vietnamese.trsl' found. on input line 5.
Package caption Info: Begin \AtBeginDocument code.
Package caption Info: float package is loaded.
Package caption Info: hyperref package is loaded.
Package caption Info: listings package is loaded.
Package caption Info: rotating package is loaded.
Package caption Info: scrextend package is loaded.
\caption@addmargin@hsize=\dimen378
\caption@addmargin@linewidth=\dimen379
Package caption Info: End \AtBeginDocument code.
\c@lstlisting=\count428
Package hyperref Info: Link coloring OFF on input line 5.
\@outlinefile=\write4
\openout4 = `main.out'.

 (sections/cover.tex
<image/LogoBK.png, id=6, 1739.49875pt x 1739.49875pt>
File: image/LogoBK.png Graphic file (type png)
<use image/LogoBK.png>
Package pdftex.def Info: image/LogoBK.png  used on input line 19.
(pdftex.def)             Requested size: 113.81102pt x 113.78804pt.
LaTeX Font Info:    Trying to load font information for OT1+minntx on input line 37.
 (C:\Users\ACER\AppData\Local\Programs\MiKTeX\tex/latex/newtx\ot1minntx.fd
File: ot1minntx.fd 2023/09/09 v1.1 font definition file for OT1/minntx
)
LaTeX Font Info:    Font shape `OT1/minntx/m/n' will be
(Font)              scaled to size 10.95pt on input line 37.
LaTeX Font Info:    Font shape `OT1/minntx/m/n' will be
(Font)              scaled to size 8.0pt on input line 37.
LaTeX Font Info:    Font shape `OT1/minntx/m/n' will be
(Font)              scaled to size 6.1pt on input line 37.
LaTeX Font Info:    Font shape `OML/ntxmi/m/it' will be
(Font)              scaled to size 10.95pt on input line 37.
LaTeX Font Info:    Font shape `OML/ntxmi/m/it' will be
(Font)              scaled to size 8.0pt on input line 37.
LaTeX Font Info:    Font shape `OML/ntxmi/m/it' will be
(Font)              scaled to size 6.1pt on input line 37.
LaTeX Font Info:    Font shape `LMS/ntxsy/m/n' will be
(Font)              scaled to size 10.95pt on input line 37.
LaTeX Font Info:    Font shape `LMS/ntxsy/m/n' will be
(Font)              scaled to size 8.0pt on input line 37.
LaTeX Font Info:    Font shape `LMS/ntxsy/m/n' will be
(Font)              scaled to size 6.1pt on input line 37.
LaTeX Font Info:    Font shape `LMX/ntxexx/m/n' will be
(Font)              scaled to size 10.95pt on input line 37.
LaTeX Font Info:    Font shape `LMX/ntxexx/m/n' will be
(Font)              scaled to size 8.0pt on input line 37.
LaTeX Font Info:    Font shape `LMX/ntxexx/m/n' will be
(Font)              scaled to size 6.1pt on input line 37.
LaTeX Font Info:    Trying to load font information for U+ntxmia on input line 37.
 (C:\Users\ACER\AppData\Local\Programs\MiKTeX\tex/latex/newtx\untxmia.fd
File: untxmia.fd 2024/04/09 Fontinst v1.933 font definitions for U/ntxmia.
)
LaTeX Font Info:    Font shape `U/ntxmia/m/it' will be
(Font)              scaled to size 10.95pt on input line 37.
LaTeX Font Info:    Font shape `U/ntxmia/m/it' will be
(Font)              scaled to size 8.0pt on input line 37.
LaTeX Font Info:    Font shape `U/ntxmia/m/it' will be
(Font)              scaled to size 6.1pt on input line 37.
LaTeX Font Info:    Trying to load font information for U+ntxsym on input line 37.
 (C:\Users\ACER\AppData\Local\Programs\MiKTeX\tex/latex/newtx\untxsym.fd
File: untxsym.fd 2023/08/16 Fontinst v1.933 font definitions for U/ntxsym.
)
LaTeX Font Info:    Font shape `U/ntxsym/m/n' will be
(Font)              scaled to size 10.95pt on input line 37.
LaTeX Font Info:    Font shape `U/ntxsym/m/n' will be
(Font)              scaled to size 8.0pt on input line 37.
LaTeX Font Info:    Font shape `U/ntxsym/m/n' will be
(Font)              scaled to size 6.1pt on input line 37.
LaTeX Font Info:    Trying to load font information for U+ntxsyc on input line 37.
 (C:\Users\ACER\AppData\Local\Programs\MiKTeX\tex/latex/newtx\untxsyc.fd
File: untxsyc.fd 2012/04/12 Fontinst v1.933 font definitions for U/ntxsyc.
)
LaTeX Font Info:    Font shape `U/ntxsyc/m/n' will be
(Font)              scaled to size 10.95pt on input line 37.
LaTeX Font Info:    Font shape `U/ntxsyc/m/n' will be
(Font)              scaled to size 8.0pt on input line 37.
LaTeX Font Info:    Font shape `U/ntxsyc/m/n' will be
(Font)              scaled to size 6.1pt on input line 37.
LaTeX Font Info:    Font shape `U/ntxexa/m/n' will be
(Font)              scaled to size 10.95pt on input line 37.
LaTeX Font Info:    Font shape `U/ntxexa/m/n' will be
(Font)              scaled to size 8.0pt on input line 37.
LaTeX Font Info:    Font shape `U/ntxexa/m/n' will be
(Font)              scaled to size 6.1pt on input line 37.
LaTeX Font Info:    Trying to load font information for U+msa on input line 37.
 (C:\Users\ACER\AppData\Local\Programs\MiKTeX\tex/latex/amsfonts\umsa.fd
File: umsa.fd 2013/01/14 v3.01 AMS symbols A
)
LaTeX Font Info:    Trying to load font information for U+msb on input line 37.
 (C:\Users\ACER\AppData\Local\Programs\MiKTeX\tex/latex/amsfonts\umsb.fd
File: umsb.fd 2013/01/14 v3.01 AMS symbols B
)
LaTeX Font Info:    Trying to load font information for TS1+qtm on input line 37.
 (C:\Users\ACER\AppData\Local\Programs\MiKTeX\tex/latex/tex-gyre\ts1qtm.fd
File: ts1qtm.fd 2009/09/25 v1.2 font definition file for TS1/qtm
) [1

{C:/Users/ACER/AppData/Local/MiKTeX/fonts/map/pdftex/pdftex.map}{C:/Users/ACER/AppData/Local/Programs/MiKTeX/fonts/enc/dvips/tex-gyre/q-t5.enc} <./image/LogoBK.png>]) (sections/tthd.tex)
File: image/LogoBK.png Graphic file (type png)
<use image/LogoBK.png>
Package pdftex.def Info: image/LogoBK.png  used on input line 15.
(pdftex.def)             Requested size: 25.60747pt x 25.58704pt.


LaTeX Warning: Reference `LastPage' on page 1 undefined on input line 15.


pdfTeX warning (ext4): destination with the same identifier (name{page.1}) has been already used, duplicate ignored
<to be read again> 
                   \relax 
l.15 \newpage
              [1] (sections/lco.tex)
File: image/LogoBK.png Graphic file (type png)
<use image/LogoBK.png>
Package pdftex.def Info: image/LogoBK.png  used on input line 19.
(pdftex.def)             Requested size: 25.60747pt x 25.58704pt.


LaTeX Warning: Reference `LastPage' on page 2 undefined on input line 19.

[2]
No file main.toc.
\tf@toc=\write5
\openout5 = `main.toc'.

[3

]
No file main.lot.
\tf@lot=\write6
\openout6 = `main.lot'.

[4

]
No file main.lof.
\tf@lof=\write7
\openout7 = `main.lof'.

[5

]
Ch\uhorn \ohorn ng 1.

e:/Study/BTL/DATN/LATEX/main.tex:47: LaTeX Error: Something's wrong--perhaps a missing \item.

See the LaTeX manual or LaTeX Companion for explanation.
Type  H <return>  for immediate help.
 ...                                              
                                                  
l.47   \item \textbf
                    {Đặt vấn đề}
Try typing  <return>  to proceed.
If that doesn't work, type  X <return>  to quit.

[6

] (sections/modau.tex)
File: image/LogoBK.png Graphic file (type png)
<use image/LogoBK.png>
Package pdftex.def Info: image/LogoBK.png  used on input line 56.
(pdftex.def)             Requested size: 25.60747pt x 25.58704pt.


LaTeX Warning: Reference `LastPage' on page 7 undefined on input line 56.

[7]
Ch\uhorn \ohorn ng 2.

e:/Study/BTL/DATN/LATEX/main.tex:64: LaTeX Error: Something's wrong--perhaps a missing \item.

See the LaTeX manual or LaTeX Companion for explanation.
Type  H <return>  for immediate help.
 ...                                              
                                                  
l.64   \item \textbf
                    {Tổng quan về tự động hóa công nghiệp}
Try typing  <return>  to proceed.
If that doesn't work, type  X <return>  to quit.

[8

] (sections/c2.tex)
Ch\uhorn \ohorn ng 3.

e:/Study/BTL/DATN/LATEX/main.tex:79: LaTeX Error: Something's wrong--perhaps a missing \item.

See the LaTeX manual or LaTeX Companion for explanation.
Type  H <return>  for immediate help.
 ...                                              
                                                  
l.79   \item \textbf
                    {Giao tiếp phần cứng công nghiệp}
Try typing  <return>  to proceed.
If that doesn't work, type  X <return>  to quit.

[9

] (sections/c3.tex

LaTeX Warning: Citation `murray2020' on page 10 undefined on input line 11.

File: image/LogoBK.png Graphic file (type png)
<use image/LogoBK.png>
Package pdftex.def Info: image/LogoBK.png  used on input line 17.
(pdftex.def)             Requested size: 25.60747pt x 25.58704pt.

LaTeX Warning: Reference `LastPage' on page 10 undefined on input line 17.

[10])
File: image/LogoBK.png Graphic file (type png)
<use image/LogoBK.png>
Package pdftex.def Info: image/LogoBK.png  used on input line 90.
(pdftex.def)             Requested size: 25.60747pt x 25.58704pt.


LaTeX Warning: Reference `LastPage' on page 11 undefined on input line 90.

[11]
Ch\uhorn \ohorn ng 4.

e:/Study/BTL/DATN/LATEX/main.tex:99: LaTeX Error: Something's wrong--perhaps a missing \item.

See the LaTeX manual or LaTeX Companion for explanation.
Type  H <return>  for immediate help.
 ...                                              
                                                  
l.99   \item \textbf
                    {Kiến trúc tổng thể}
Try typing  <return>  to proceed.
If that doesn't work, type  X <return>  to quit.

[12

] (sections/c4.tex)
Ch\uhorn \ohorn ng 5.

e:/Study/BTL/DATN/LATEX/main.tex:117: LaTeX Error: Something's wrong--perhaps a missing \item.

See the LaTeX manual or LaTeX Companion for explanation.
Type  H <return>  for immediate help.
 ...                                              
                                                  
l.117   \item \textbf
                     {Môi trường phát triển}
Try typing  <return>  to proceed.
If that doesn't work, type  X <return>  to quit.

[13

] (sections/c5.tex)
Ch\uhorn \ohorn ng 6.

e:/Study/BTL/DATN/LATEX/main.tex:136: LaTeX Error: Something's wrong--perhaps a missing \item.

See the LaTeX manual or LaTeX Companion for explanation.
Type  H <return>  for immediate help.
 ...                                              
                                                  
l.136   \item \textbf
                     {Tổng quan sản phẩm demo}
Try typing  <return>  to proceed.
If that doesn't work, type  X <return>  to quit.

[14

] (sections/c6.tex)
Ch\uhorn \ohorn ng 7.

e:/Study/BTL/DATN/LATEX/main.tex:155: LaTeX Error: Something's wrong--perhaps a missing \item.

See the LaTeX manual or LaTeX Companion for explanation.
Type  H <return>  for immediate help.
 ...                                              
                                                  
l.155   \item \textbf
                     {Kết luận}
Try typing  <return>  to proceed.
If that doesn't work, type  X <return>  to quit.

[15

] (sections/c7.tex) 
enddocument/afterlastpage (AED): lastpage setting LastPage.
(main.aux
LaTeX Font Info:    Trying to load font information for T1+qtm on input line 11.
 (C:\Users\ACER\AppData\Local\Programs\MiKTeX\tex/latex/tex-gyre\t1qtm.fd
File: t1qtm.fd 2009/09/25 v1.2 font definition file for T1/qtm
))
 ***********
LaTeX2e <2025-11-01>
L3 programming layer <2025-11-06>
 ***********


LaTeX Warning: There were undefined references.


LaTeX Warning: Label(s) may have changed. Rerun to get cross-references right.


Package rerunfilecheck Warning: File `main.out' has changed.
(rerunfilecheck)                Rerun to get outlines right
(rerunfilecheck)                or use package `bookmark'.

Package rerunfilecheck Info: Checksums for `main.out':
(rerunfilecheck)             Before: <no file>
(rerunfilecheck)             After:  C423119AF7C1E4DE8597FAF677F9C9C3;4464.

Package lastpage Warning: Rerun to get the references right on input line 165.

 ) 
Here is how much of TeX's memory you used:
 40768 strings out of 467871
 799875 string characters out of 5418859
 1221730 words of memory out of 5000000
 68868 multiletter control sequences out of 15000+600000
 689187 words of font info for 124 fonts, out of 8000000 for 9000
 1141 hyphenation exceptions out of 8191
 113i,25n,134p,975b,1082s stack positions out of 10000i,1000n,20000p,200000b,200000s
<C:/Users/ACER/AppData/Local/Programs/MiKTeX/fonts/type1/public/tex-gyre/qtmb.pfb><C:/Users/ACER/AppData/Local/Programs/MiKTeX/fonts/type1/public/tex-gyre/qtmr.pfb><C:/Users/ACER/AppData/Local/Programs/MiKTeX/fonts/type1/public/tex-gyre/qtmri.pfb>
Output written on main.pdf (16 pages, 181272 bytes).
PDF statistics:
 163 PDF objects out of 1000 (max. 8388607)
 71 named destinations out of 1000 (max. 500000)
 18 words of extra memory for PDF output out of 10000 (max. 10000000)

